error_code,day,error_count,trailing_7d_avg,spike_ratio
ERR_UPDATE_102,2079-09-09,4,1.0,4.0
ERR_NETWORK_105,2079-11-30,4,1.1428571428571428,3.5
ERR_BOOT_101,2049-08-23,3,1.0,3.0
ERR_BOOT_105,2046-08-18,3,1.0,3.0
ERR_BOOT_107,2065-08-11,3,1.0,3.0
ERR_BOOT_108,2067-05-21,3,1.0,3.0
ERR_CRASH_103,2074-06-22,3,1.0,3.0
ERR_CRASH_108,2024-04-04,3,1.0,3.0
ERR_CRASH_108,2040-08-18,3,1.0,3.0
ERR_CRASH_108,2045-12-22,3,1.0,3.0
ERR_NETWORK_101,2061-06-12,3,1.0,3.0
ERR_NETWORK_103,2054-03-20,3,1.0,3.0
ERR_NETWORK_108,2066-04-14,3,1.0,3.0
ERR_STREAM_104,2066-10-09,3,1.0,3.0
ERR_STREAM_106,2053-10-15,3,1.0,3.0
ERR_STREAM_107,2076-05-12,3,1.0,3.0
ERR_UPDATE_104,2049-05-04,3,1.0,3.0
ERR_UPDATE_106,2077-08-25,3,1.0,3.0
ERR_BOOT_101,2046-11-17,3,1.1428571428571428,2.63
ERR_BOOT_106,2026-03-12,3,1.1428571428571428,2.63
ERR_BOOT_106,2079-02-26,3,1.1428571428571428,2.63
ERR_CRASH_102,2048-10-10,3,1.1428571428571428,2.63
ERR_CRASH_104,2060-09-19,3,1.1428571428571428,2.63
ERR_NETWORK_108,2080-02-20,3,1.1428571428571428,2.63
ERR_STREAM_102,2033-07-07,3,1.1428571428571428,2.63
ERR_STREAM_107,2051-10-03,3,1.1428571428571428,2.63
ERR_STREAM_105,2056-10-23,3,1.4285714285714286,2.1
ERR_BOOT_100,2029-03-23,2,1.0,2.0
ERR_BOOT_100,2029-11-01,2,1.0,2.0
ERR_BOOT_100,2031-10-28,2,1.0,2.0
ERR_BOOT_100,2036-07-23,2,1.0,2.0
ERR_BOOT_100,2038-01-16,2,1.0,2.0
ERR_BOOT_100,2046-11-07,2,1.0,2.0
ERR_BOOT_100,2053-02-22,2,1.0,2.0
ERR_BOOT_100,2056-07-06,2,1.0,2.0
ERR_BOOT_100,2058-03-19,2,1.0,2.0
ERR_BOOT_100,2060-09-11,2,1.0,2.0
ERR_BOOT_100,2063-08-22,2,1.0,2.0
ERR_BOOT_100,2065-06-18,2,1.0,2.0
ERR_BOOT_100,2067-03-20,2,1.0,2.0
ERR_BOOT_100,2068-07-08,2,1.0,2.0
ERR_BOOT_100,2069-08-13,2,1.0,2.0
ERR_BOOT_100,2071-04-09,2,1.0,2.0
ERR_BOOT_100,2073-01-16,2,1.0,2.0
ERR_BOOT_100,2076-04-07,2,1.0,2.0
ERR_BOOT_100,2077-01-09,2,1.0,2.0
ERR_BOOT_100,2077-08-07,2,1.0,2.0
ERR_BOOT_100,2078-07-11,2,1.0,2.0
ERR_BOOT_100,2079-11-03,2,1.0,2.0
ERR_BOOT_100,2080-06-29,2,1.0,2.0
ERR_BOOT_100,2081-09-28,2,1.0,2.0
ERR_BOOT_100,2086-02-14,2,1.0,2.0
ERR_BOOT_100,2086-12-21,2,1.0,2.0
ERR_BOOT_100,2088-10-24,2,1.0,2.0
ERR_BOOT_100,2090-11-28,2,1.0,2.0
ERR_BOOT_100,2091-10-02,2,1.0,2.0
ERR_BOOT_101,2026-10-28,2,1.0,2.0
ERR_BOOT_101,2028-03-30,2,1.0,2.0
ERR_BOOT_101,2029-09-17,2,1.0,2.0
ERR_BOOT_101,2033-05-08,2,1.0,2.0
ERR_BOOT_101,2034-12-14,2,1.0,2.0
ERR_BOOT_101,2036-06-08,2,1.0,2.0
ERR_BOOT_101,2041-12-04,2,1.0,2.0
ERR_BOOT_101,2045-08-09,2,1.0,2.0
ERR_BOOT_101,2046-08-23,2,1.0,2.0
ERR_BOOT_101,2052-02-12,2,1.0,2.0
ERR_BOOT_101,2063-04-06,2,1.0,2.0
ERR_BOOT_101,2066-04-22,2,1.0,2.0
ERR_BOOT_101,2066-08-13,2,1.0,2.0
ERR_BOOT_101,2066-11-27,2,1.0,2.0
ERR_BOOT_101,2067-05-01,2,1.0,2.0
ERR_BOOT_101,2070-09-10,2,1.0,2.0
ERR_BOOT_101,2071-01-01,2,1.0,2.0
ERR_BOOT_101,2072-12-10,2,1.0,2.0
ERR_BOOT_101,2076-06-24,2,1.0,2.0
ERR_BOOT_101,2079-02-11,2,1.0,2.0
ERR_BOOT_101,2079-12-02,2,1.0,2.0
ERR_BOOT_101,2083-03-07,2,1.0,2.0
ERR_BOOT_101,2088-04-09,2,1.0,2.0
ERR_BOOT_101,2089-09-22,2,1.0,2.0
ERR_BOOT_101,2090-12-26,2,1.0,2.0
ERR_BOOT_102,2024-08-09,2,1.0,2.0
ERR_BOOT_102,2024-10-21,2,1.0,2.0
ERR_BOOT_102,2025-04-02,2,1.0,2.0
ERR_BOOT_102,2026-06-26,2,1.0,2.0
ERR_BOOT_102,2026-12-16,2,1.0,2.0
ERR_BOOT_102,2031-07-18,2,1.0,2.0
ERR_BOOT_102,2039-06-13,2,1.0,2.0
ERR_BOOT_102,2040-06-04,2,1.0,2.0
ERR_BOOT_102,2042-06-12,2,1.0,2.0
ERR_BOOT_102,2044-01-30,2,1.0,2.0
ERR_BOOT_102,2047-11-10,2,1.0,2.0
ERR_BOOT_102,2053-09-12,2,1.0,2.0
ERR_BOOT_102,2054-05-20,2,1.0,2.0
ERR_BOOT_102,2056-04-30,2,1.0,2.0
ERR_BOOT_102,2060-12-29,2,1.0,2.0
ERR_BOOT_102,2066-04-04,2,1.0,2.0
ERR_BOOT_102,2066-10-15,2,1.0,2.0
ERR_BOOT_102,2068-12-19,2,1.0,2.0
ERR_BOOT_102,2071-08-27,2,1.0,2.0
ERR_BOOT_102,2071-12-26,2,1.0,2.0
ERR_BOOT_102,2082-12-30,2,1.0,2.0
ERR_BOOT_102,2091-12-22,2,1.0,2.0
ERR_BOOT_102,2092-07-26,2,1.0,2.0
ERR_BOOT_103,2025-10-19,2,1.0,2.0
ERR_BOOT_103,2027-08-16,2,1.0,2.0
ERR_BOOT_103,2029-03-16,2,1.0,2.0
ERR_BOOT_103,2032-01-06,2,1.0,2.0
ERR_BOOT_103,2033-05-14,2,1.0,2.0
ERR_BOOT_103,2034-03-31,2,1.0,2.0
ERR_BOOT_103,2038-01-14,2,1.0,2.0
ERR_BOOT_103,2039-05-09,2,1.0,2.0
ERR_BOOT_103,2041-12-12,2,1.0,2.0
ERR_BOOT_103,2044-06-10,2,1.0,2.0
ERR_BOOT_103,2045-07-27,2,1.0,2.0
ERR_BOOT_103,2048-10-26,2,1.0,2.0
ERR_BOOT_103,2049-04-27,2,1.0,2.0
ERR_BOOT_103,2051-11-16,2,1.0,2.0
ERR_BOOT_103,2056-06-19,2,1.0,2.0
ERR_BOOT_103,2062-01-13,2,1.0,2.0
ERR_BOOT_103,2062-11-09,2,1.0,2.0
ERR_BOOT_103,2063-05-14,2,1.0,2.0
ERR_BOOT_103,2064-05-03,2,1.0,2.0
ERR_BOOT_103,2067-04-28,2,1.0,2.0
ERR_BOOT_103,2070-05-06,2,1.0,2.0
ERR_BOOT_103,2071-03-14,2,1.0,2.0
ERR_BOOT_103,2072-03-29,2,1.0,2.0
ERR_BOOT_103,2074-02-22,2,1.0,2.0
ERR_BOOT_103,2076-07-23,2,1.0,2.0
ERR_BOOT_103,2077-01-16,2,1.0,2.0
ERR_BOOT_103,2079-05-20,2,1.0,2.0
ERR_BOOT_103,2081-04-21,2,1.0,2.0
ERR_BOOT_103,2082-02-21,2,1.0,2.0
ERR_BOOT_103,2086-01-24,2,1.0,2.0
ERR_BOOT_103,2088-10-21,2,1.0,2.0
ERR_BOOT_103,2089-09-27,2,1.0,2.0
ERR_BOOT_103,2091-06-22,2,1.0,2.0
ERR_BOOT_104,2024-07-31,2,1.0,2.0
ERR_BOOT_104,2026-10-27,2,1.0,2.0
ERR_BOOT_104,2035-12-19,2,1.0,2.0
ERR_BOOT_104,2039-05-20,2,1.0,2.0
ERR_BOOT_104,2042-01-08,2,1.0,2.0
ERR_BOOT_104,2043-01-15,2,1.0,2.0
ERR_BOOT_104,2044-09-10,2,1.0,2.0
ERR_BOOT_104,2045-04-14,2,1.0,2.0
ERR_BOOT_104,2046-11-10,2,1.0,2.0
ERR_BOOT_104,2048-04-19,2,1.0,2.0
ERR_BOOT_104,2052-08-22,2,1.0,2.0
ERR_BOOT_104,2053-03-14,2,1.0,2.0
ERR_BOOT_104,2055-05-10,2,1.0,2.0
ERR_BOOT_104,2058-12-10,2,1.0,2.0
ERR_BOOT_104,2066-05-10,2,1.0,2.0
ERR_BOOT_104,2070-02-25,2,1.0,2.0
ERR_BOOT_104,2072-01-10,2,1.0,2.0
ERR_BOOT_104,2073-02-14,2,1.0,2.0
ERR_BOOT_104,2073-10-13,2,1.0,2.0
ERR_BOOT_104,2074-02-16,2,1.0,2.0
ERR_BOOT_104,2075-10-05,2,1.0,2.0
ERR_BOOT_104,2077-08-13,2,1.0,2.0
ERR_BOOT_104,2081-04-02,2,1.0,2.0
ERR_BOOT_104,2082-09-18,2,1.0,2.0
ERR_BOOT_104,2084-10-05,2,1.0,2.0
ERR_BOOT_104,2086-10-25,2,1.0,2.0
ERR_BOOT_104,2090-05-03,2,1.0,2.0
ERR_BOOT_105,2037-09-20,2,1.0,2.0
ERR_BOOT_105,2038-03-12,2,1.0,2.0
ERR_BOOT_105,2040-06-19,2,1.0,2.0
ERR_BOOT_105,2041-12-13,2,1.0,2.0
ERR_BOOT_105,2047-04-25,2,1.0,2.0
ERR_BOOT_105,2050-10-10,2,1.0,2.0
ERR_BOOT_105,2056-10-23,2,1.0,2.0
ERR_BOOT_105,2060-04-13,2,1.0,2.0
ERR_BOOT_105,2060-12-22,2,1.0,2.0
ERR_BOOT_105,2065-08-04,2,1.0,2.0
ERR_BOOT_105,2066-04-12,2,1.0,2.0
ERR_BOOT_105,2069-08-12,2,1.0,2.0
ERR_BOOT_105,2075-02-27,2,1.0,2.0
ERR_BOOT_105,2077-01-03,2,1.0,2.0
ERR_BOOT_105,2081-05-14,2,1.0,2.0
ERR_BOOT_105,2089-12-20,2,1.0,2.0
ERR_BOOT_105,2091-08-20,2,1.0,2.0
ERR_BOOT_106,2025-02-13,2,1.0,2.0
ERR_BOOT_106,2025-05-04,2,1.0,2.0
ERR_BOOT_106,2025-12-20,2,1.0,2.0
ERR_BOOT_106,2029-06-25,2,1.0,2.0
ERR_BOOT_106,2031-06-10,2,1.0,2.0
ERR_BOOT_106,2032-03-09,2,1.0,2.0
ERR_BOOT_106,2035-11-12,2,1.0,2.0
ERR_BOOT_106,2038-09-22,2,1.0,2.0
ERR_BOOT_106,2045-11-28,2,1.0,2.0
ERR_BOOT_106,2047-09-05,2,1.0,2.0
ERR_BOOT_106,2050-06-07,2,1.0,2.0
ERR_BOOT_106,2051-09-11,2,1.0,2.0
ERR_BOOT_106,2052-02-29,2,1.0,2.0
ERR_BOOT_106,2053-07-18,2,1.0,2.0
ERR_BOOT_106,2054-10-10,2,1.0,2.0
ERR_BOOT_106,2057-03-11,2,1.0,2.0
ERR_BOOT_106,2058-03-05,2,1.0,2.0
ERR_BOOT_106,2061-01-08,2,1.0,2.0
ERR_BOOT_106,2062-08-20,2,1.0,2.0
ERR_BOOT_106,2064-11-03,2,1.0,2.0
ERR_BOOT_106,2066-01-29,2,1.0,2.0
ERR_BOOT_106,2066-09-07,2,1.0,2.0
ERR_BOOT_106,2071-04-15,2,1.0,2.0
ERR_BOOT_106,2072-09-11,2,1.0,2.0
ERR_BOOT_106,2074-06-21,2,1.0,2.0
ERR_BOOT_106,2076-05-16,2,1.0,2.0
ERR_BOOT_106,2078-02-19,2,1.0,2.0
ERR_BOOT_106,2079-02-12,2,1.0,2.0
ERR_BOOT_106,2087-05-04,2,1.0,2.0
ERR_BOOT_106,2087-10-17,2,1.0,2.0
ERR_BOOT_106,2089-10-01,2,1.0,2.0
ERR_BOOT_106,2090-09-26,2,1.0,2.0
ERR_BOOT_107,2025-11-19,2,1.0,2.0
ERR_BOOT_107,2026-12-11,2,1.0,2.0
ERR_BOOT_107,2029-05-08,2,1.0,2.0
ERR_BOOT_107,2031-05-24,2,1.0,2.0
ERR_BOOT_107,2032-01-04,2,1.0,2.0
ERR_BOOT_107,2035-10-09,2,1.0,2.0
ERR_BOOT_107,2038-11-07,2,1.0,2.0
ERR_BOOT_107,2039-06-28,2,1.0,2.0
ERR_BOOT_107,2043-08-11,2,1.0,2.0
ERR_BOOT_107,2048-04-27,2,1.0,2.0
ERR_BOOT_107,2050-03-11,2,1.0,2.0
ERR_BOOT_107,2050-12-02,2,1.0,2.0
ERR_BOOT_107,2051-10-16,2,1.0,2.0
ERR_BOOT_107,2052-06-30,2,1.0,2.0
ERR_BOOT_107,2055-10-20,2,1.0,2.0
ERR_BOOT_107,2057-03-02,2,1.0,2.0
ERR_BOOT_107,2061-04-19,2,1.0,2.0
ERR_BOOT_107,2062-07-21,2,1.0,2.0
ERR_BOOT_107,2067-12-12,2,1.0,2.0
ERR_BOOT_107,2069-10-15,2,1.0,2.0
ERR_BOOT_107,2071-09-21,2,1.0,2.0
ERR_BOOT_107,2077-10-20,2,1.0,2.0
ERR_BOOT_107,2079-06-18,2,1.0,2.0
ERR_BOOT_107,2080-08-02,2,1.0,2.0
ERR_BOOT_107,2084-02-15,2,1.0,2.0
ERR_BOOT_107,2084-09-05,2,1.0,2.0
ERR_BOOT_107,2085-06-09,2,1.0,2.0
ERR_BOOT_107,2088-02-22,2,1.0,2.0
ERR_BOOT_108,2025-04-01,2,1.0,2.0
ERR_BOOT_108,2028-06-29,2,1.0,2.0
ERR_BOOT_108,2029-11-08,2,1.0,2.0
ERR_BOOT_108,2030-08-17,2,1.0,2.0
ERR_BOOT_108,2031-09-22,2,1.0,2.0
ERR_BOOT_108,2032-03-27,2,1.0,2.0
ERR_BOOT_108,2034-10-11,2,1.0,2.0
ERR_BOOT_108,2037-05-01,2,1.0,2.0
ERR_BOOT_108,2041-05-07,2,1.0,2.0
ERR_BOOT_108,2043-02-26,2,1.0,2.0
ERR_BOOT_108,2045-05-21,2,1.0,2.0
ERR_BOOT_108,2047-09-07,2,1.0,2.0
ERR_BOOT_108,2049-03-03,2,1.0,2.0
ERR_BOOT_108,2049-11-07,2,1.0,2.0
ERR_BOOT_108,2051-10-27,2,1.0,2.0
ERR_BOOT_108,2055-09-02,2,1.0,2.0
ERR_BOOT_108,2061-03-09,2,1.0,2.0
ERR_BOOT_108,2063-01-30,2,1.0,2.0
ERR_BOOT_108,2065-01-24,2,1.0,2.0
ERR_BOOT_108,2070-10-11,2,1.0,2.0
ERR_BOOT_108,2071-04-20,2,1.0,2.0
ERR_BOOT_108,2072-03-11,2,1.0,2.0
ERR_BOOT_108,2076-04-01,2,1.0,2.0
ERR_BOOT_108,2076-12-08,2,1.0,2.0
ERR_BOOT_108,2079-10-18,2,1.0,2.0
ERR_BOOT_108,2081-03-07,2,1.0,2.0
ERR_BOOT_108,2082-09-16,2,1.0,2.0
ERR_BOOT_108,2083-12-24,2,1.0,2.0
ERR_BOOT_108,2088-10-21,2,1.0,2.0
ERR_BOOT_108,2089-10-21,2,1.0,2.0
ERR_BOOT_109,2027-01-07,2,1.0,2.0
ERR_BOOT_109,2029-10-21,2,1.0,2.0
ERR_BOOT_109,2034-10-27,2,1.0,2.0
ERR_BOOT_109,2036-07-05,2,1.0,2.0
ERR_BOOT_109,2036-09-25,2,1.0,2.0
ERR_BOOT_109,2037-10-16,2,1.0,2.0
ERR_BOOT_109,2046-09-13,2,1.0,2.0
ERR_BOOT_109,2049-02-19,2,1.0,2.0
ERR_BOOT_109,2049-12-29,2,1.0,2.0
ERR_BOOT_109,2053-09-28,2,1.0,2.0
ERR_BOOT_109,2058-03-19,2,1.0,2.0
ERR_BOOT_109,2061-06-24,2,1.0,2.0
ERR_BOOT_109,2062-04-21,2,1.0,2.0
ERR_BOOT_109,2066-08-12,2,1.0,2.0
ERR_BOOT_109,2070-04-20,2,1.0,2.0
ERR_BOOT_109,2070-08-01,2,1.0,2.0
ERR_BOOT_109,2071-02-19,2,1.0,2.0
ERR_BOOT_109,2081-05-02,2,1.0,2.0
ERR_BOOT_109,2081-12-14,2,1.0,2.0
ERR_BOOT_109,2084-10-17,2,1.0,2.0
ERR_BOOT_109,2087-04-22,2,1.0,2.0
ERR_CRASH_100,2024-12-15,2,1.0,2.0
ERR_CRASH_100,2027-11-27,2,1.0,2.0
ERR_CRASH_100,2029-04-08,2,1.0,2.0
ERR_CRASH_100,2031-09-19,2,1.0,2.0
ERR_CRASH_100,2034-11-13,2,1.0,2.0
ERR_CRASH_100,2037-06-25,2,1.0,2.0
ERR_CRASH_100,2038-04-26,2,1.0,2.0
ERR_CRASH_100,2038-12-25,2,1.0,2.0
ERR_CRASH_100,2041-01-27,2,1.0,2.0
ERR_CRASH_100,2045-02-06,2,1.0,2.0
ERR_CRASH_100,2048-03-16,2,1.0,2.0
ERR_CRASH_100,2050-07-29,2,1.0,2.0
ERR_CRASH_100,2051-09-18,2,1.0,2.0
ERR_CRASH_100,2056-06-09,2,1.0,2.0
ERR_CRASH_100,2058-01-22,2,1.0,2.0
ERR_CRASH_100,2069-12-04,2,1.0,2.0
ERR_CRASH_100,2070-09-07,2,1.0,2.0
ERR_CRASH_100,2072-11-24,2,1.0,2.0
ERR_CRASH_100,2073-02-10,2,1.0,2.0
ERR_CRASH_100,2074-07-17,2,1.0,2.0
ERR_CRASH_100,2078-05-03,2,1.0,2.0
ERR_CRASH_100,2079-05-05,2,1.0,2.0
ERR_CRASH_100,2081-06-01,2,1.0,2.0
ERR_CRASH_100,2085-10-16,2,1.0,2.0
ERR_CRASH_101,2027-11-27,2,1.0,2.0
ERR_CRASH_101,2035-04-30,2,1.0,2.0
ERR_CRASH_101,2038-07-01,2,1.0,2.0
ERR_CRASH_101,2049-12-29,2,1.0,2.0
ERR_CRASH_101,2054-10-22,2,1.0,2.0
ERR_CRASH_101,2057-02-26,2,1.0,2.0
ERR_CRASH_101,2059-07-29,2,1.0,2.0
ERR_CRASH_101,2064-01-12,2,1.0,2.0
ERR_CRASH_101,2066-10-13,2,1.0,2.0
ERR_CRASH_101,2070-04-20,2,1.0,2.0
ERR_CRASH_101,2073-03-10,2,1.0,2.0
ERR_CRASH_101,2074-03-03,2,1.0,2.0
ERR_CRASH_101,2076-09-10,2,1.0,2.0
ERR_CRASH_101,2078-03-20,2,1.0,2.0
ERR_CRASH_101,2079-10-03,2,1.0,2.0
ERR_CRASH_101,2080-09-11,2,1.0,2.0
ERR_CRASH_101,2082-11-29,2,1.0,2.0
ERR_CRASH_101,2089-09-30,2,1.0,2.0
ERR_CRASH_101,2090-03-16,2,1.0,2.0
ERR_CRASH_102,2024-09-10,2,1.0,2.0
ERR_CRASH_102,2025-10-02,2,1.0,2.0
ERR_CRASH_102,2027-08-27,2,1.0,2.0
ERR_CRASH_102,2028-06-23,2,1.0,2.0
ERR_CRASH_102,2030-01-11,2,1.0,2.0
ERR_CRASH_102,2031-11-21,2,1.0,2.0
ERR_CRASH_102,2034-10-31,2,1.0,2.0
ERR_CRASH_102,2038-05-12,2,1.0,2.0
ERR_CRASH_102,2040-06-24,2,1.0,2.0
ERR_CRASH_102,2040-12-14,2,1.0,2.0
ERR_CRASH_102,2041-08-21,2,1.0,2.0
ERR_CRASH_102,2042-10-10,2,1.0,2.0
ERR_CRASH_102,2043-05-28,2,1.0,2.0
ERR_CRASH_102,2044-06-09,2,1.0,2.0
ERR_CRASH_102,2046-08-13,2,1.0,2.0
ERR_CRASH_102,2048-02-12,2,1.0,2.0
ERR_CRASH_102,2056-02-18,2,1.0,2.0
ERR_CRASH_102,2057-12-25,2,1.0,2.0
ERR_CRASH_102,2062-12-04,2,1.0,2.0
ERR_CRASH_102,2066-09-07,2,1.0,2.0
ERR_CRASH_102,2069-12-14,2,1.0,2.0
ERR_CRASH_102,2070-05-15,2,1.0,2.0
ERR_CRASH_102,2072-09-27,2,1.0,2.0
ERR_CRASH_102,2083-01-10,2,1.0,2.0
ERR_CRASH_102,2083-08-28,2,1.0,2.0
ERR_CRASH_102,2087-07-29,2,1.0,2.0
ERR_CRASH_102,2088-09-02,2,1.0,2.0
ERR_CRASH_102,2090-07-31,2,1.0,2.0
ERR_CRASH_103,2024-10-22,2,1.0,2.0
ERR_CRASH_103,2025-07-01,2,1.0,2.0
ERR_CRASH_103,2027-11-24,2,1.0,2.0
ERR_CRASH_103,2030-12-02,2,1.0,2.0
ERR_CRASH_103,2033-07-29,2,1.0,2.0
ERR_CRASH_103,2035-11-02,2,1.0,2.0
ERR_CRASH_103,2038-02-26,2,1.0,2.0
ERR_CRASH_103,2039-07-28,2,1.0,2.0
ERR_CRASH_103,2045-08-08,2,1.0,2.0
ERR_CRASH_103,2046-06-11,2,1.0,2.0
ERR_CRASH_103,2047-04-07,2,1.0,2.0
ERR_CRASH_103,2049-01-20,2,1.0,2.0
ERR_CRASH_103,2054-06-12,2,1.0,2.0
ERR_CRASH_103,2056-05-20,2,1.0,2.0
ERR_CRASH_103,2056-09-15,2,1.0,2.0
ERR_CRASH_103,2063-09-07,2,1.0,2.0
ERR_CRASH_103,2064-02-13,2,1.0,2.0
ERR_CRASH_103,2065-09-12,2,1.0,2.0
ERR_CRASH_103,2066-03-29,2,1.0,2.0
ERR_CRASH_103,2070-04-15,2,1.0,2.0
ERR_CRASH_103,2070-06-21,2,1.0,2.0
ERR_CRASH_103,2075-10-24,2,1.0,2.0
ERR_CRASH_103,2076-12-31,2,1.0,2.0
ERR_CRASH_103,2078-07-09,2,1.0,2.0
ERR_CRASH_103,2080-08-28,2,1.0,2.0
ERR_CRASH_103,2082-12-20,2,1.0,2.0
ERR_CRASH_103,2091-04-21,2,1.0,2.0
ERR_CRASH_104,2024-09-11,2,1.0,2.0
ERR_CRASH_104,2025-04-11,2,1.0,2.0
ERR_CRASH_104,2030-02-08,2,1.0,2.0
ERR_CRASH_104,2031-09-02,2,1.0,2.0
ERR_CRASH_104,2033-05-25,2,1.0,2.0
ERR_CRASH_104,2035-08-04,2,1.0,2.0
ERR_CRASH_104,2036-03-24,2,1.0,2.0
ERR_CRASH_104,2039-05-20,2,1.0,2.0
ERR_CRASH_104,2042-01-30,2,1.0,2.0
ERR_CRASH_104,2044-11-06,2,1.0,2.0
ERR_CRASH_104,2046-07-24,2,1.0,2.0
ERR_CRASH_104,2049-04-10,2,1.0,2.0
ERR_CRASH_104,2050-03-07,2,1.0,2.0
ERR_CRASH_104,2053-02-16,2,1.0,2.0
ERR_CRASH_104,2059-10-12,2,1.0,2.0
ERR_CRASH_104,2060-09-04,2,1.0,2.0
ERR_CRASH_104,2063-10-19,2,1.0,2.0
ERR_CRASH_104,2071-09-07,2,1.0,2.0
ERR_CRASH_104,2075-07-09,2,1.0,2.0
ERR_CRASH_104,2077-07-25,2,1.0,2.0
ERR_CRASH_104,2082-02-15,2,1.0,2.0
ERR_CRASH_104,2085-12-31,2,1.0,2.0
ERR_CRASH_104,2088-12-10,2,1.0,2.0
ERR_CRASH_104,2092-01-17,2,1.0,2.0
ERR_CRASH_105,2025-02-22,2,1.0,2.0
ERR_CRASH_105,2034-03-10,2,1.0,2.0
ERR_CRASH_105,2036-02-08,2,1.0,2.0
ERR_CRASH_105,2040-02-11,2,1.0,2.0
ERR_CRASH_105,2042-07-07,2,1.0,2.0
ERR_CRASH_105,2043-07-30,2,1.0,2.0
ERR_CRASH_105,2047-05-08,2,1.0,2.0
ERR_CRASH_105,2051-10-22,2,1.0,2.0
ERR_CRASH_105,2054-03-04,2,1.0,2.0
ERR_CRASH_105,2056-05-05,2,1.0,2.0
ERR_CRASH_105,2057-02-08,2,1.0,2.0
ERR_CRASH_105,2068-01-20,2,1.0,2.0
ERR_CRASH_105,2068-10-27,2,1.0,2.0
ERR_CRASH_105,2070-03-08,2,1.0,2.0
ERR_CRASH_105,2071-09-20,2,1.0,2.0
ERR_CRASH_105,2076-08-10,2,1.0,2.0
ERR_CRASH_105,2077-07-25,2,1.0,2.0
ERR_CRASH_105,2080-06-20,2,1.0,2.0
ERR_CRASH_105,2084-07-28,2,1.0,2.0
ERR_CRASH_105,2085-12-16,2,1.0,2.0
ERR_CRASH_105,2088-01-09,2,1.0,2.0
ERR_CRASH_105,2090-02-15,2,1.0,2.0
ERR_CRASH_105,2091-02-23,2,1.0,2.0
ERR_CRASH_105,2092-07-08,2,1.0,2.0
ERR_CRASH_106,2026-08-31,2,1.0,2.0
ERR_CRASH_106,2028-02-10,2,1.0,2.0
ERR_CRASH_106,2029-03-06,2,1.0,2.0
ERR_CRASH_106,2031-02-05,2,1.0,2.0
ERR_CRASH_106,2034-04-17,2,1.0,2.0
ERR_CRASH_106,2035-09-22,2,1.0,2.0
ERR_CRASH_106,2037-08-13,2,1.0,2.0
ERR_CRASH_106,2040-07-28,2,1.0,2.0
ERR_CRASH_106,2041-12-09,2,1.0,2.0
ERR_CRASH_106,2043-01-31,2,1.0,2.0
ERR_CRASH_106,2043-07-16,2,1.0,2.0
ERR_CRASH_106,2046-01-03,2,1.0,2.0
ERR_CRASH_106,2049-02-25,2,1.0,2.0
ERR_CRASH_106,2050-02-24,2,1.0,2.0
ERR_CRASH_106,2050-08-25,2,1.0,2.0
ERR_CRASH_106,2065-12-17,2,1.0,2.0
ERR_CRASH_106,2068-03-26,2,1.0,2.0
ERR_CRASH_106,2070-03-30,2,1.0,2.0
ERR_CRASH_106,2076-09-06,2,1.0,2.0
ERR_CRASH_106,2080-11-06,2,1.0,2.0
ERR_CRASH_106,2083-12-20,2,1.0,2.0
ERR_CRASH_106,2085-06-01,2,1.0,2.0
ERR_CRASH_107,2028-06-04,2,1.0,2.0
ERR_CRASH_107,2033-07-17,2,1.0,2.0
ERR_CRASH_107,2035-08-12,2,1.0,2.0
ERR_CRASH_107,2037-02-27,2,1.0,2.0
ERR_CRASH_107,2042-06-13,2,1.0,2.0
ERR_CRASH_107,2046-03-04,2,1.0,2.0
ERR_CRASH_107,2047-04-07,2,1.0,2.0
ERR_CRASH_107,2056-11-07,2,1.0,2.0
ERR_CRASH_107,2058-01-18,2,1.0,2.0
ERR_CRASH_107,2063-04-16,2,1.0,2.0
ERR_CRASH_107,2064-09-25,2,1.0,2.0
ERR_CRASH_107,2066-12-25,2,1.0,2.0
ERR_CRASH_107,2069-08-31,2,1.0,2.0
ERR_CRASH_107,2070-09-07,2,1.0,2.0
ERR_CRASH_107,2074-08-26,2,1.0,2.0
ERR_CRASH_107,2079-01-16,2,1.0,2.0
ERR_CRASH_107,2080-03-24,2,1.0,2.0
ERR_CRASH_107,2081-11-28,2,1.0,2.0
ERR_CRASH_107,2092-01-30,2,1.0,2.0
ERR_CRASH_108,2029-08-30,2,1.0,2.0
ERR_CRASH_108,2033-04-12,2,1.0,2.0
ERR_CRASH_108,2033-12-10,2,1.0,2.0
ERR_CRASH_108,2039-06-13,2,1.0,2.0
ERR_CRASH_108,2044-06-01,2,1.0,2.0
ERR_CRASH_108,2050-10-31,2,1.0,2.0
ERR_CRASH_108,2051-06-28,2,1.0,2.0
ERR_CRASH_108,2057-06-16,2,1.0,2.0
ERR_CRASH_108,2060-05-15,2,1.0,2.0
ERR_CRASH_108,2062-08-23,2,1.0,2.0
ERR_CRASH_108,2066-04-07,2,1.0,2.0
ERR_CRASH_108,2067-06-29,2,1.0,2.0
ERR_CRASH_108,2070-04-14,2,1.0,2.0
ERR_CRASH_108,2072-06-21,2,1.0,2.0
ERR_CRASH_108,2074-06-02,2,1.0,2.0
ERR_CRASH_108,2075-07-30,2,1.0,2.0
ERR_CRASH_108,2076-04-08,2,1.0,2.0
ERR_CRASH_108,2077-07-21,2,1.0,2.0
ERR_CRASH_108,2081-05-03,2,1.0,2.0
ERR_CRASH_108,2084-10-16,2,1.0,2.0
ERR_CRASH_108,2085-10-22,2,1.0,2.0
ERR_CRASH_109,2026-12-27,2,1.0,2.0
ERR_CRASH_109,2034-09-27,2,1.0,2.0
ERR_CRASH_109,2039-07-31,2,1.0,2.0
ERR_CRASH_109,2044-02-06,2,1.0,2.0
ERR_CRASH_109,2045-05-11,2,1.0,2.0
ERR_CRASH_109,2049-03-11,2,1.0,2.0
ERR_CRASH_109,2056-10-01,2,1.0,2.0
ERR_CRASH_109,2060-09-12,2,1.0,2.0
ERR_CRASH_109,2062-06-05,2,1.0,2.0
ERR_CRASH_109,2063-05-08,2,1.0,2.0
ERR_CRASH_109,2066-09-21,2,1.0,2.0
ERR_CRASH_109,2068-08-24,2,1.0,2.0
ERR_CRASH_109,2070-04-10,2,1.0,2.0
ERR_CRASH_109,2072-06-13,2,1.0,2.0
ERR_CRASH_109,2073-10-31,2,1.0,2.0
ERR_CRASH_109,2074-06-19,2,1.0,2.0
ERR_CRASH_109,2079-11-23,2,1.0,2.0
ERR_CRASH_109,2080-06-28,2,1.0,2.0
ERR_CRASH_109,2081-09-13,2,1.0,2.0
ERR_CRASH_109,2082-08-01,2,1.0,2.0
ERR_CRASH_109,2083-04-23,2,1.0,2.0
ERR_CRASH_109,2085-03-13,2,1.0,2.0
ERR_CRASH_109,2090-10-07,2,1.0,2.0
ERR_CRASH_109,2092-05-24,2,1.0,2.0
ERR_NETWORK_100,2038-10-23,2,1.0,2.0
ERR_NETWORK_100,2042-12-02,2,1.0,2.0
ERR_NETWORK_100,2043-08-02,2,1.0,2.0
ERR_NETWORK_100,2043-12-11,2,1.0,2.0
ERR_NETWORK_100,2044-12-31,2,1.0,2.0
ERR_NETWORK_100,2045-07-22,2,1.0,2.0
ERR_NETWORK_100,2056-05-21,2,1.0,2.0
ERR_NETWORK_100,2057-02-09,2,1.0,2.0
ERR_NETWORK_100,2058-10-06,2,1.0,2.0
ERR_NETWORK_100,2063-10-24,2,1.0,2.0
ERR_NETWORK_100,2066-11-05,2,1.0,2.0
ERR_NETWORK_100,2071-08-05,2,1.0,2.0
ERR_NETWORK_100,2076-09-08,2,1.0,2.0
ERR_NETWORK_100,2077-07-02,2,1.0,2.0
ERR_NETWORK_100,2078-06-23,2,1.0,2.0
ERR_NETWORK_100,2079-12-10,2,1.0,2.0
ERR_NETWORK_100,2080-10-23,2,1.0,2.0
ERR_NETWORK_100,2083-12-03,2,1.0,2.0
ERR_NETWORK_100,2085-07-04,2,1.0,2.0
ERR_NETWORK_101,2027-05-16,2,1.0,2.0
ERR_NETWORK_101,2028-07-03,2,1.0,2.0
ERR_NETWORK_101,2034-08-21,2,1.0,2.0
ERR_NETWORK_101,2035-08-29,2,1.0,2.0
ERR_NETWORK_101,2038-08-14,2,1.0,2.0
ERR_NETWORK_101,2044-07-30,2,1.0,2.0
ERR_NETWORK_101,2047-03-31,2,1.0,2.0
ERR_NETWORK_101,2059-08-07,2,1.0,2.0
ERR_NETWORK_101,2060-08-03,2,1.0,2.0
ERR_NETWORK_101,2071-10-10,2,1.0,2.0
ERR_NETWORK_101,2072-11-30,2,1.0,2.0
ERR_NETWORK_101,2076-01-27,2,1.0,2.0
ERR_NETWORK_101,2078-10-13,2,1.0,2.0
ERR_NETWORK_101,2083-05-14,2,1.0,2.0
ERR_NETWORK_101,2087-01-24,2,1.0,2.0
ERR_NETWORK_101,2088-04-13,2,1.0,2.0
ERR_NETWORK_102,2024-09-22,2,1.0,2.0
ERR_NETWORK_102,2025-07-18,2,1.0,2.0
ERR_NETWORK_102,2027-02-18,2,1.0,2.0
ERR_NETWORK_102,2030-03-23,2,1.0,2.0
ERR_NETWORK_102,2034-12-13,2,1.0,2.0
ERR_NETWORK_102,2042-08-21,2,1.0,2.0
ERR_NETWORK_102,2051-01-09,2,1.0,2.0
ERR_NETWORK_102,2073-01-22,2,1.0,2.0
ERR_NETWORK_102,2074-08-13,2,1.0,2.0
ERR_NETWORK_102,2077-01-25,2,1.0,2.0
ERR_NETWORK_102,2078-05-05,2,1.0,2.0
ERR_NETWORK_102,2079-02-05,2,1.0,2.0
ERR_NETWORK_102,2079-11-05,2,1.0,2.0
ERR_NETWORK_102,2080-06-15,2,1.0,2.0
ERR_NETWORK_102,2081-07-24,2,1.0,2.0
ERR_NETWORK_102,2084-02-16,2,1.0,2.0
ERR_NETWORK_102,2085-03-11,2,1.0,2.0
ERR_NETWORK_102,2091-05-31,2,1.0,2.0
ERR_NETWORK_103,2027-04-01,2,1.0,2.0
ERR_NETWORK_103,2032-02-09,2,1.0,2.0
ERR_NETWORK_103,2034-03-12,2,1.0,2.0
ERR_NETWORK_103,2035-09-16,2,1.0,2.0
ERR_NETWORK_103,2036-06-02,2,1.0,2.0
ERR_NETWORK_103,2038-06-26,2,1.0,2.0
ERR_NETWORK_103,2041-07-27,2,1.0,2.0
ERR_NETWORK_103,2044-05-12,2,1.0,2.0
ERR_NETWORK_103,2045-04-07,2,1.0,2.0
ERR_NETWORK_103,2046-08-26,2,1.0,2.0
ERR_NETWORK_103,2048-11-15,2,1.0,2.0
ERR_NETWORK_103,2050-02-25,2,1.0,2.0
ERR_NETWORK_103,2050-08-28,2,1.0,2.0
ERR_NETWORK_103,2052-08-11,2,1.0,2.0
ERR_NETWORK_103,2070-05-02,2,1.0,2.0
ERR_NETWORK_103,2073-03-05,2,1.0,2.0
ERR_NETWORK_103,2075-02-14,2,1.0,2.0
ERR_NETWORK_103,2076-11-23,2,1.0,2.0
ERR_NETWORK_103,2080-07-11,2,1.0,2.0
ERR_NETWORK_103,2082-05-19,2,1.0,2.0
ERR_NETWORK_103,2082-12-26,2,1.0,2.0
ERR_NETWORK_103,2085-07-22,2,1.0,2.0
ERR_NETWORK_103,2086-02-01,2,1.0,2.0
ERR_NETWORK_103,2087-04-11,2,1.0,2.0
ERR_NETWORK_103,2090-02-28,2,1.0,2.0
ERR_NETWORK_103,2091-05-05,2,1.0,2.0
ERR_NETWORK_104,2024-10-12,2,1.0,2.0
ERR_NETWORK_104,2025-03-29,2,1.0,2.0
ERR_NETWORK_104,2029-04-22,2,1.0,2.0
ERR_NETWORK_104,2030-03-18,2,1.0,2.0
ERR_NETWORK_104,2031-12-08,2,1.0,2.0
ERR_NETWORK_104,2040-01-23,2,1.0,2.0
ERR_NETWORK_104,2043-07-08,2,1.0,2.0
ERR_NETWORK_104,2044-08-22,2,1.0,2.0
ERR_NETWORK_104,2045-10-08,2,1.0,2.0
ERR_NETWORK_104,2046-10-07,2,1.0,2.0
ERR_NETWORK_104,2053-09-14,2,1.0,2.0
ERR_NETWORK_104,2055-11-22,2,1.0,2.0
ERR_NETWORK_104,2058-05-30,2,1.0,2.0
ERR_NETWORK_104,2061-01-14,2,1.0,2.0
ERR_NETWORK_104,2061-08-26,2,1.0,2.0
ERR_NETWORK_104,2066-04-12,2,1.0,2.0
ERR_NETWORK_104,2069-05-25,2,1.0,2.0
ERR_NETWORK_104,2070-06-20,2,1.0,2.0
ERR_NETWORK_104,2073-02-25,2,1.0,2.0
ERR_NETWORK_104,2073-09-14,2,1.0,2.0
ERR_NETWORK_104,2076-09-26,2,1.0,2.0
ERR_NETWORK_104,2077-06-12,2,1.0,2.0
ERR_NETWORK_104,2080-04-05,2,1.0,2.0
ERR_NETWORK_104,2080-08-27,2,1.0,2.0
ERR_NETWORK_104,2090-01-22,2,1.0,2.0
ERR_NETWORK_104,2091-12-14,2,1.0,2.0
ERR_NETWORK_105,2025-07-05,2,1.0,2.0
ERR_NETWORK_105,2030-04-20,2,1.0,2.0
ERR_NETWORK_105,2033-09-30,2,1.0,2.0
ERR_NETWORK_105,2035-03-21,2,1.0,2.0
ERR_NETWORK_105,2045-03-08,2,1.0,2.0
ERR_NETWORK_105,2045-09-27,2,1.0,2.0
ERR_NETWORK_105,2046-11-16,2,1.0,2.0
ERR_NETWORK_105,2048-05-29,2,1.0,2.0
ERR_NETWORK_105,2049-04-09,2,1.0,2.0
ERR_NETWORK_105,2054-11-03,2,1.0,2.0
ERR_NETWORK_105,2055-08-22,2,1.0,2.0
ERR_NETWORK_105,2056-10-29,2,1.0,2.0
ERR_NETWORK_105,2060-07-23,2,1.0,2.0
ERR_NETWORK_105,2063-09-22,2,1.0,2.0
ERR_NETWORK_105,2066-06-22,2,1.0,2.0
ERR_NETWORK_105,2069-04-14,2,1.0,2.0
ERR_NETWORK_105,2070-01-21,2,1.0,2.0
ERR_NETWORK_105,2071-03-19,2,1.0,2.0
ERR_NETWORK_105,2073-03-10,2,1.0,2.0
ERR_NETWORK_105,2074-07-10,2,1.0,2.0
ERR_NETWORK_105,2075-07-04,2,1.0,2.0
ERR_NETWORK_105,2076-09-28,2,1.0,2.0
ERR_NETWORK_105,2077-07-01,2,1.0,2.0
ERR_NETWORK_105,2079-10-22,2,1.0,2.0
ERR_NETWORK_105,2080-07-04,2,1.0,2.0
ERR_NETWORK_105,2081-05-16,2,1.0,2.0
ERR_NETWORK_105,2084-06-28,2,1.0,2.0
ERR_NETWORK_105,2085-03-17,2,1.0,2.0
ERR_NETWORK_105,2086-09-12,2,1.0,2.0
ERR_NETWORK_105,2091-05-21,2,1.0,2.0
ERR_NETWORK_106,2024-11-22,2,1.0,2.0
ERR_NETWORK_106,2026-01-13,2,1.0,2.0
ERR_NETWORK_106,2027-01-05,2,1.0,2.0
ERR_NETWORK_106,2028-03-03,2,1.0,2.0
ERR_NETWORK_106,2029-02-24,2,1.0,2.0
ERR_NETWORK_106,2031-11-20,2,1.0,2.0
ERR_NETWORK_106,2032-12-31,2,1.0,2.0
ERR_NETWORK_106,2039-01-16,2,1.0,2.0
ERR_NETWORK_106,2044-06-26,2,1.0,2.0
ERR_NETWORK_106,2049-02-21,2,1.0,2.0
ERR_NETWORK_106,2054-03-25,2,1.0,2.0
ERR_NETWORK_106,2054-10-26,2,1.0,2.0
ERR_NETWORK_106,2056-05-02,2,1.0,2.0
ERR_NETWORK_106,2057-03-15,2,1.0,2.0
ERR_NETWORK_106,2058-02-25,2,1.0,2.0
ERR_NETWORK_106,2064-10-04,2,1.0,2.0
ERR_NETWORK_106,2066-09-24,2,1.0,2.0
ERR_NETWORK_106,2070-05-02,2,1.0,2.0
ERR_NETWORK_106,2070-11-23,2,1.0,2.0
ERR_NETWORK_106,2074-06-13,2,1.0,2.0
ERR_NETWORK_106,2077-08-06,2,1.0,2.0
ERR_NETWORK_106,2078-10-08,2,1.0,2.0
ERR_NETWORK_106,2079-07-30,2,1.0,2.0
ERR_NETWORK_106,2082-04-06,2,1.0,2.0
ERR_NETWORK_106,2082-12-11,2,1.0,2.0
ERR_NETWORK_106,2085-06-08,2,1.0,2.0
ERR_NETWORK_106,2088-10-13,2,1.0,2.0
ERR_NETWORK_106,2091-08-24,2,1.0,2.0
ERR_NETWORK_107,2025-05-16,2,1.0,2.0
ERR_NETWORK_107,2026-05-31,2,1.0,2.0
ERR_NETWORK_107,2027-08-12,2,1.0,2.0
ERR_NETWORK_107,2029-11-28,2,1.0,2.0
ERR_NETWORK_107,2033-03-03,2,1.0,2.0
ERR_NETWORK_107,2037-06-11,2,1.0,2.0
ERR_NETWORK_107,2044-11-16,2,1.0,2.0
ERR_NETWORK_107,2046-01-23,2,1.0,2.0
ERR_NETWORK_107,2046-08-05,2,1.0,2.0
ERR_NETWORK_107,2048-10-10,2,1.0,2.0
ERR_NETWORK_107,2052-03-04,2,1.0,2.0
ERR_NETWORK_107,2058-03-12,2,1.0,2.0
ERR_NETWORK_107,2066-01-02,2,1.0,2.0
ERR_NETWORK_107,2066-10-19,2,1.0,2.0
ERR_NETWORK_107,2085-10-17,2,1.0,2.0
ERR_NETWORK_107,2088-01-21,2,1.0,2.0
ERR_NETWORK_108,2034-03-11,2,1.0,2.0
ERR_NETWORK_108,2037-08-03,2,1.0,2.0
ERR_NETWORK_108,2041-04-30,2,1.0,2.0
ERR_NETWORK_108,2042-12-14,2,1.0,2.0
ERR_NETWORK_108,2045-01-11,2,1.0,2.0
ERR_NETWORK_108,2050-03-08,2,1.0,2.0
ERR_NETWORK_108,2051-11-23,2,1.0,2.0
ERR_NETWORK_108,2052-12-23,2,1.0,2.0
ERR_NETWORK_108,2054-10-05,2,1.0,2.0
ERR_NETWORK_108,2056-10-19,2,1.0,2.0
ERR_NETWORK_108,2060-06-11,2,1.0,2.0
ERR_NETWORK_108,2060-12-17,2,1.0,2.0
ERR_NETWORK_108,2062-09-25,2,1.0,2.0
ERR_NETWORK_108,2063-05-31,2,1.0,2.0
ERR_NETWORK_108,2066-10-08,2,1.0,2.0
ERR_NETWORK_108,2068-01-28,2,1.0,2.0
ERR_NETWORK_108,2071-04-07,2,1.0,2.0
ERR_NETWORK_108,2073-10-01,2,1.0,2.0
ERR_NETWORK_108,2074-07-17,2,1.0,2.0
ERR_NETWORK_108,2076-10-09,2,1.0,2.0
ERR_NETWORK_108,2078-07-04,2,1.0,2.0
ERR_NETWORK_108,2079-09-30,2,1.0,2.0
ERR_NETWORK_108,2081-05-18,2,1.0,2.0
ERR_NETWORK_108,2084-03-02,2,1.0,2.0
ERR_NETWORK_108,2086-10-03,2,1.0,2.0
ERR_NETWORK_109,2025-06-17,2,1.0,2.0
ERR_NETWORK_109,2029-04-30,2,1.0,2.0
ERR_NETWORK_109,2029-09-22,2,1.0,2.0
ERR_NETWORK_109,2031-01-08,2,1.0,2.0
ERR_NETWORK_109,2031-10-29,2,1.0,2.0
ERR_NETWORK_109,2037-11-23,2,1.0,2.0
ERR_NETWORK_109,2038-07-08,2,1.0,2.0
ERR_NETWORK_109,2039-03-13,2,1.0,2.0
ERR_NETWORK_109,2047-01-31,2,1.0,2.0
ERR_NETWORK_109,2049-08-30,2,1.0,2.0
ERR_NETWORK_109,2051-05-24,2,1.0,2.0
ERR_NETWORK_109,2055-05-10,2,1.0,2.0
ERR_NETWORK_109,2061-07-02,2,1.0,2.0
ERR_NETWORK_109,2066-10-12,2,1.0,2.0
ERR_NETWORK_109,2069-05-13,2,1.0,2.0
ERR_NETWORK_109,2070-07-30,2,1.0,2.0
ERR_NETWORK_109,2072-07-10,2,1.0,2.0
ERR_NETWORK_109,2073-02-28,2,1.0,2.0
ERR_NETWORK_109,2076-01-28,2,1.0,2.0
ERR_NETWORK_109,2080-10-27,2,1.0,2.0
ERR_NETWORK_109,2085-01-12,2,1.0,2.0
ERR_NETWORK_109,2086-12-19,2,1.0,2.0
ERR_NETWORK_109,2088-11-11,2,1.0,2.0
ERR_STREAM_100,2024-08-30,2,1.0,2.0
ERR_STREAM_100,2025-06-18,2,1.0,2.0
ERR_STREAM_100,2026-12-02,2,1.0,2.0
ERR_STREAM_100,2028-02-03,2,1.0,2.0
ERR_STREAM_100,2036-04-27,2,1.0,2.0
ERR_STREAM_100,2039-05-03,2,1.0,2.0
ERR_STREAM_100,2043-02-04,2,1.0,2.0
ERR_STREAM_100,2046-11-11,2,1.0,2.0
ERR_STREAM_100,2048-03-29,2,1.0,2.0
ERR_STREAM_100,2053-03-22,2,1.0,2.0
ERR_STREAM_100,2056-05-17,2,1.0,2.0
ERR_STREAM_100,2056-12-08,2,1.0,2.0
ERR_STREAM_100,2063-04-26,2,1.0,2.0
ERR_STREAM_100,2070-03-27,2,1.0,2.0
ERR_STREAM_100,2071-03-24,2,1.0,2.0
ERR_STREAM_100,2074-08-19,2,1.0,2.0
ERR_STREAM_100,2075-08-17,2,1.0,2.0
ERR_STREAM_100,2076-06-04,2,1.0,2.0
ERR_STREAM_100,2081-09-27,2,1.0,2.0
ERR_STREAM_100,2082-06-02,2,1.0,2.0
ERR_STREAM_100,2083-10-21,2,1.0,2.0
ERR_STREAM_100,2087-05-21,2,1.0,2.0
ERR_STREAM_100,2091-08-30,2,1.0,2.0
ERR_STREAM_100,2092-04-28,2,1.0,2.0
ERR_STREAM_101,2025-01-05,2,1.0,2.0
ERR_STREAM_101,2025-06-28,2,1.0,2.0
ERR_STREAM_101,2029-10-29,2,1.0,2.0
ERR_STREAM_101,2030-10-21,2,1.0,2.0
ERR_STREAM_101,2033-03-01,2,1.0,2.0
ERR_STREAM_101,2035-10-25,2,1.0,2.0
ERR_STREAM_101,2040-10-12,2,1.0,2.0
ERR_STREAM_101,2042-10-07,2,1.0,2.0
ERR_STREAM_101,2046-06-09,2,1.0,2.0
ERR_STREAM_101,2047-04-19,2,1.0,2.0
ERR_STREAM_101,2048-04-21,2,1.0,2.0
ERR_STREAM_101,2051-06-02,2,1.0,2.0
ERR_STREAM_101,2057-07-26,2,1.0,2.0
ERR_STREAM_101,2060-01-02,2,1.0,2.0
ERR_STREAM_101,2060-12-05,2,1.0,2.0
ERR_STREAM_101,2061-01-18,2,1.0,2.0
ERR_STREAM_101,2065-12-12,2,1.0,2.0
ERR_STREAM_101,2070-12-24,2,1.0,2.0
ERR_STREAM_101,2072-05-26,2,1.0,2.0
ERR_STREAM_101,2073-03-18,2,1.0,2.0
ERR_STREAM_101,2075-02-15,2,1.0,2.0
ERR_STREAM_101,2076-07-08,2,1.0,2.0
ERR_STREAM_101,2080-07-18,2,1.0,2.0
ERR_STREAM_101,2082-03-25,2,1.0,2.0
ERR_STREAM_101,2090-08-08,2,1.0,2.0
ERR_STREAM_102,2024-09-10,2,1.0,2.0
ERR_STREAM_102,2025-09-12,2,1.0,2.0
ERR_STREAM_102,2027-07-14,2,1.0,2.0
ERR_STREAM_102,2028-06-22,2,1.0,2.0
ERR_STREAM_102,2029-10-23,2,1.0,2.0
ERR_STREAM_102,2032-07-17,2,1.0,2.0
ERR_STREAM_102,2033-02-19,2,1.0,2.0
ERR_STREAM_102,2035-05-29,2,1.0,2.0
ERR_STREAM_102,2039-03-20,2,1.0,2.0
ERR_STREAM_102,2043-08-02,2,1.0,2.0
ERR_STREAM_102,2044-04-26,2,1.0,2.0
ERR_STREAM_102,2049-04-28,2,1.0,2.0
ERR_STREAM_102,2049-11-17,2,1.0,2.0
ERR_STREAM_102,2051-09-17,2,1.0,2.0
ERR_STREAM_102,2052-04-25,2,1.0,2.0
ERR_STREAM_102,2056-10-30,2,1.0,2.0
ERR_STREAM_102,2061-03-17,2,1.0,2.0
ERR_STREAM_102,2061-08-06,2,1.0,2.0
ERR_STREAM_102,2063-04-19,2,1.0,2.0
ERR_STREAM_102,2067-05-09,2,1.0,2.0
ERR_STREAM_102,2068-11-08,2,1.0,2.0
ERR_STREAM_102,2070-02-26,2,1.0,2.0
ERR_STREAM_102,2071-09-07,2,1.0,2.0
ERR_STREAM_102,2073-12-15,2,1.0,2.0
ERR_STREAM_102,2075-12-27,2,1.0,2.0
ERR_STREAM_102,2077-01-15,2,1.0,2.0
ERR_STREAM_102,2078-06-13,2,1.0,2.0
ERR_STREAM_102,2079-07-11,2,1.0,2.0
ERR_STREAM_102,2082-03-31,2,1.0,2.0
ERR_STREAM_103,2025-04-04,2,1.0,2.0
ERR_STREAM_103,2027-01-11,2,1.0,2.0
ERR_STREAM_103,2028-09-13,2,1.0,2.0
ERR_STREAM_103,2030-12-31,2,1.0,2.0
ERR_STREAM_103,2031-07-11,2,1.0,2.0
ERR_STREAM_103,2035-04-30,2,1.0,2.0
ERR_STREAM_103,2038-06-04,2,1.0,2.0
ERR_STREAM_103,2039-09-20,2,1.0,2.0
ERR_STREAM_103,2043-04-13,2,1.0,2.0
ERR_STREAM_103,2045-11-09,2,1.0,2.0
ERR_STREAM_103,2048-07-06,2,1.0,2.0
ERR_STREAM_103,2050-05-26,2,1.0,2.0
ERR_STREAM_103,2052-08-22,2,1.0,2.0
ERR_STREAM_103,2054-12-08,2,1.0,2.0
ERR_STREAM_103,2059-10-09,2,1.0,2.0
ERR_STREAM_103,2066-09-02,2,1.0,2.0
ERR_STREAM_103,2070-10-28,2,1.0,2.0
ERR_STREAM_103,2073-11-28,2,1.0,2.0
ERR_STREAM_103,2076-09-26,2,1.0,2.0
ERR_STREAM_103,2077-07-15,2,1.0,2.0
ERR_STREAM_103,2078-08-03,2,1.0,2.0
ERR_STREAM_103,2082-05-21,2,1.0,2.0
ERR_STREAM_103,2084-01-03,2,1.0,2.0
ERR_STREAM_103,2086-09-23,2,1.0,2.0
ERR_STREAM_103,2089-10-27,2,1.0,2.0
ERR_STREAM_103,2091-01-09,2,1.0,2.0
ERR_STREAM_104,2025-12-10,2,1.0,2.0
ERR_STREAM_104,2029-04-26,2,1.0,2.0
ERR_STREAM_104,2030-04-07,2,1.0,2.0
ERR_STREAM_104,2031-04-08,2,1.0,2.0
ERR_STREAM_104,2037-03-16,2,1.0,2.0
ERR_STREAM_104,2039-05-18,2,1.0,2.0
ERR_STREAM_104,2040-08-27,2,1.0,2.0
ERR_STREAM_104,2045-03-23,2,1.0,2.0
ERR_STREAM_104,2047-05-10,2,1.0,2.0
ERR_STREAM_104,2048-09-14,2,1.0,2.0
ERR_STREAM_104,2053-07-16,2,1.0,2.0
ERR_STREAM_104,2056-07-25,2,1.0,2.0
ERR_STREAM_104,2060-08-05,2,1.0,2.0
ERR_STREAM_104,2062-11-18,2,1.0,2.0
ERR_STREAM_104,2063-03-25,2,1.0,2.0
ERR_STREAM_104,2065-04-17,2,1.0,2.0
ERR_STREAM_104,2070-05-14,2,1.0,2.0
ERR_STREAM_104,2072-04-02,2,1.0,2.0
ERR_STREAM_104,2072-09-05,2,1.0,2.0
ERR_STREAM_104,2075-04-23,2,1.0,2.0
ERR_STREAM_104,2078-07-11,2,1.0,2.0
ERR_STREAM_104,2083-06-15,2,1.0,2.0
ERR_STREAM_104,2086-02-09,2,1.0,2.0
ERR_STREAM_104,2087-03-29,2,1.0,2.0
ERR_STREAM_104,2090-04-07,2,1.0,2.0
ERR_STREAM_105,2024-09-15,2,1.0,2.0
ERR_STREAM_105,2027-01-09,2,1.0,2.0
ERR_STREAM_105,2028-03-17,2,1.0,2.0
ERR_STREAM_105,2029-02-11,2,1.0,2.0
ERR_STREAM_105,2032-08-21,2,1.0,2.0
ERR_STREAM_105,2039-06-10,2,1.0,2.0
ERR_STREAM_105,2042-03-27,2,1.0,2.0
ERR_STREAM_105,2043-05-25,2,1.0,2.0
ERR_STREAM_105,2044-05-26,2,1.0,2.0
ERR_STREAM_105,2044-09-11,2,1.0,2.0
ERR_STREAM_105,2047-03-11,2,1.0,2.0
ERR_STREAM_105,2049-03-31,2,1.0,2.0
ERR_STREAM_105,2053-06-11,2,1.0,2.0
ERR_STREAM_105,2054-06-09,2,1.0,2.0
ERR_STREAM_105,2056-05-07,2,1.0,2.0
ERR_STREAM_105,2059-12-28,2,1.0,2.0
ERR_STREAM_105,2061-06-19,2,1.0,2.0
ERR_STREAM_105,2062-02-25,2,1.0,2.0
ERR_STREAM_105,2063-09-30,2,1.0,2.0
ERR_STREAM_105,2065-01-22,2,1.0,2.0
ERR_STREAM_105,2066-03-09,2,1.0,2.0
ERR_STREAM_105,2067-12-09,2,1.0,2.0
ERR_STREAM_105,2068-12-15,2,1.0,2.0
ERR_STREAM_105,2071-02-11,2,1.0,2.0
ERR_STREAM_105,2072-08-17,2,1.0,2.0
ERR_STREAM_105,2073-01-23,2,1.0,2.0
ERR_STREAM_105,2076-04-09,2,1.0,2.0
ERR_STREAM_105,2077-08-13,2,1.0,2.0
ERR_STREAM_105,2078-08-10,2,1.0,2.0
ERR_STREAM_105,2080-06-26,2,1.0,2.0
ERR_STREAM_105,2085-09-23,2,1.0,2.0
ERR_STREAM_105,2086-03-21,2,1.0,2.0
ERR_STREAM_106,2024-10-14,2,1.0,2.0
ERR_STREAM_106,2025-04-26,2,1.0,2.0
ERR_STREAM_106,2026-08-22,2,1.0,2.0
ERR_STREAM_106,2027-12-18,2,1.0,2.0
ERR_STREAM_106,2030-02-19,2,1.0,2.0
ERR_STREAM_106,2032-08-25,2,1.0,2.0
ERR_STREAM_106,2035-02-08,2,1.0,2.0
ERR_STREAM_106,2038-06-02,2,1.0,2.0
ERR_STREAM_106,2042-11-29,2,1.0,2.0
ERR_STREAM_106,2043-08-12,2,1.0,2.0
ERR_STREAM_106,2044-09-02,2,1.0,2.0
ERR_STREAM_106,2045-12-26,2,1.0,2.0
ERR_STREAM_106,2050-05-23,2,1.0,2.0
ERR_STREAM_106,2051-10-22,2,1.0,2.0
ERR_STREAM_106,2060-09-18,2,1.0,2.0
ERR_STREAM_106,2061-05-21,2,1.0,2.0
ERR_STREAM_106,2064-12-27,2,1.0,2.0
ERR_STREAM_106,2065-10-19,2,1.0,2.0
ERR_STREAM_106,2071-10-10,2,1.0,2.0
ERR_STREAM_106,2073-02-08,2,1.0,2.0
ERR_STREAM_106,2077-11-30,2,1.0,2.0
ERR_STREAM_106,2080-12-01,2,1.0,2.0
ERR_STREAM_106,2083-07-01,2,1.0,2.0
ERR_STREAM_106,2084-02-22,2,1.0,2.0
ERR_STREAM_106,2086-03-23,2,1.0,2.0
ERR_STREAM_106,2092-08-25,2,1.0,2.0
ERR_STREAM_107,2024-11-27,2,1.0,2.0
ERR_STREAM_107,2026-08-03,2,1.0,2.0
ERR_STREAM_107,2028-03-01,2,1.0,2.0
ERR_STREAM_107,2029-02-26,2,1.0,2.0
ERR_STREAM_107,2036-03-12,2,1.0,2.0
ERR_STREAM_107,2037-10-01,2,1.0,2.0
ERR_STREAM_107,2043-07-30,2,1.0,2.0
ERR_STREAM_107,2046-02-09,2,1.0,2.0
ERR_STREAM_107,2046-11-30,2,1.0,2.0
ERR_STREAM_107,2047-05-05,2,1.0,2.0
ERR_STREAM_107,2049-08-29,2,1.0,2.0
ERR_STREAM_107,2051-06-12,2,1.0,2.0
ERR_STREAM_107,2056-08-18,2,1.0,2.0
ERR_STREAM_107,2066-04-08,2,1.0,2.0
ERR_STREAM_107,2072-06-13,2,1.0,2.0
ERR_STREAM_107,2078-05-27,2,1.0,2.0
ERR_STREAM_107,2080-03-13,2,1.0,2.0
ERR_STREAM_107,2082-05-21,2,1.0,2.0
ERR_STREAM_107,2084-03-05,2,1.0,2.0
ERR_STREAM_107,2086-12-22,2,1.0,2.0
ERR_STREAM_107,2087-04-22,2,1.0,2.0
ERR_STREAM_107,2092-01-08,2,1.0,2.0
ERR_STREAM_108,2028-02-25,2,1.0,2.0
ERR_STREAM_108,2029-03-28,2,1.0,2.0
ERR_STREAM_108,2030-03-09,2,1.0,2.0
ERR_STREAM_108,2031-04-13,2,1.0,2.0
ERR_STREAM_108,2033-03-11,2,1.0,2.0
ERR_STREAM_108,2035-05-21,2,1.0,2.0
ERR_STREAM_108,2041-08-07,2,1.0,2.0
ERR_STREAM_108,2042-07-23,2,1.0,2.0
ERR_STREAM_108,2043-05-14,2,1.0,2.0
ERR_STREAM_108,2050-11-19,2,1.0,2.0
ERR_STREAM_108,2051-11-16,2,1.0,2.0
ERR_STREAM_108,2052-06-09,2,1.0,2.0
ERR_STREAM_108,2054-11-15,2,1.0,2.0
ERR_STREAM_108,2057-12-14,2,1.0,2.0
ERR_STREAM_108,2060-06-20,2,1.0,2.0
ERR_STREAM_108,2061-06-25,2,1.0,2.0
ERR_STREAM_108,2062-08-07,2,1.0,2.0
ERR_STREAM_108,2062-11-17,2,1.0,2.0
ERR_STREAM_108,2070-10-25,2,1.0,2.0
ERR_STREAM_108,2077-08-28,2,1.0,2.0
ERR_STREAM_108,2085-10-07,2,1.0,2.0
ERR_STREAM_108,2088-11-01,2,1.0,2.0
ERR_STREAM_109,2025-10-12,2,1.0,2.0
ERR_STREAM_109,2027-06-09,2,1.0,2.0
ERR_STREAM_109,2032-07-16,2,1.0,2.0
ERR_STREAM_109,2036-04-09,2,1.0,2.0
ERR_STREAM_109,2038-07-04,2,1.0,2.0
ERR_STREAM_109,2041-07-30,2,1.0,2.0
ERR_STREAM_109,2042-01-28,2,1.0,2.0
ERR_STREAM_109,2044-03-31,2,1.0,2.0
ERR_STREAM_109,2046-01-23,2,1.0,2.0
ERR_STREAM_109,2048-04-18,2,1.0,2.0
ERR_STREAM_109,2057-01-13,2,1.0,2.0
ERR_STREAM_109,2058-03-20,2,1.0,2.0
ERR_STREAM_109,2060-09-21,2,1.0,2.0
ERR_STREAM_109,2063-06-03,2,1.0,2.0
ERR_STREAM_109,2066-12-04,2,1.0,2.0
ERR_STREAM_109,2074-03-30,2,1.0,2.0
ERR_STREAM_109,2075-10-28,2,1.0,2.0
ERR_STREAM_109,2078-01-13,2,1.0,2.0
ERR_STREAM_109,2081-05-04,2,1.0,2.0
ERR_STREAM_109,2085-02-01,2,1.0,2.0
ERR_STREAM_109,2085-10-03,2,1.0,2.0
ERR_STREAM_109,2086-12-04,2,1.0,2.0
ERR_STREAM_109,2090-02-04,2,1.0,2.0
ERR_UPDATE_100,2027-09-07,2,1.0,2.0
ERR_UPDATE_100,2028-03-08,2,1.0,2.0
ERR_UPDATE_100,2031-11-27,2,1.0,2.0
ERR_UPDATE_100,2032-04-05,2,1.0,2.0
ERR_UPDATE_100,2033-12-18,2,1.0,2.0
ERR_UPDATE_100,2035-05-22,2,1.0,2.0
ERR_UPDATE_100,2037-10-02,2,1.0,2.0
ERR_UPDATE_100,2043-01-24,2,1.0,2.0
ERR_UPDATE_100,2044-12-17,2,1.0,2.0
ERR_UPDATE_100,2046-08-01,2,1.0,2.0
ERR_UPDATE_100,2046-12-25,2,1.0,2.0
ERR_UPDATE_100,2048-12-18,2,1.0,2.0
ERR_UPDATE_100,2049-09-11,2,1.0,2.0
ERR_UPDATE_100,2050-11-14,2,1.0,2.0
ERR_UPDATE_100,2053-05-27,2,1.0,2.0
ERR_UPDATE_100,2055-07-09,2,1.0,2.0
ERR_UPDATE_100,2062-08-11,2,1.0,2.0
ERR_UPDATE_100,2064-05-11,2,1.0,2.0
ERR_UPDATE_100,2066-11-10,2,1.0,2.0
ERR_UPDATE_100,2071-03-13,2,1.0,2.0
ERR_UPDATE_100,2075-09-09,2,1.0,2.0
ERR_UPDATE_100,2076-11-23,2,1.0,2.0
ERR_UPDATE_100,2077-08-04,2,1.0,2.0
ERR_UPDATE_100,2083-03-06,2,1.0,2.0
ERR_UPDATE_100,2087-12-16,2,1.0,2.0
ERR_UPDATE_101,2024-10-02,2,1.0,2.0
ERR_UPDATE_101,2027-09-25,2,1.0,2.0
ERR_UPDATE_101,2030-11-28,2,1.0,2.0
ERR_UPDATE_101,2032-02-19,2,1.0,2.0
ERR_UPDATE_101,2033-10-22,2,1.0,2.0
ERR_UPDATE_101,2038-05-18,2,1.0,2.0
ERR_UPDATE_101,2041-08-18,2,1.0,2.0
ERR_UPDATE_101,2043-03-31,2,1.0,2.0
ERR_UPDATE_101,2044-01-06,2,1.0,2.0
ERR_UPDATE_101,2046-11-15,2,1.0,2.0
ERR_UPDATE_101,2049-02-27,2,1.0,2.0
ERR_UPDATE_101,2051-10-26,2,1.0,2.0
ERR_UPDATE_101,2055-04-30,2,1.0,2.0
ERR_UPDATE_101,2056-06-02,2,1.0,2.0
ERR_UPDATE_101,2059-06-26,2,1.0,2.0
ERR_UPDATE_101,2060-07-01,2,1.0,2.0
ERR_UPDATE_101,2061-06-02,2,1.0,2.0
ERR_UPDATE_101,2062-06-29,2,1.0,2.0
ERR_UPDATE_101,2065-01-06,2,1.0,2.0
ERR_UPDATE_101,2067-06-28,2,1.0,2.0
ERR_UPDATE_101,2070-09-19,2,1.0,2.0
ERR_UPDATE_101,2074-03-01,2,1.0,2.0
ERR_UPDATE_101,2077-11-02,2,1.0,2.0
ERR_UPDATE_101,2081-10-02,2,1.0,2.0
ERR_UPDATE_101,2086-05-17,2,1.0,2.0
ERR_UPDATE_101,2088-06-27,2,1.0,2.0
ERR_UPDATE_101,2092-04-26,2,1.0,2.0
ERR_UPDATE_102,2036-03-17,2,1.0,2.0
ERR_UPDATE_102,2039-10-11,2,1.0,2.0
ERR_UPDATE_102,2041-07-19,2,1.0,2.0
ERR_UPDATE_102,2044-05-14,2,1.0,2.0
ERR_UPDATE_102,2048-02-13,2,1.0,2.0
ERR_UPDATE_102,2049-11-21,2,1.0,2.0
ERR_UPDATE_102,2051-04-26,2,1.0,2.0
ERR_UPDATE_102,2051-09-17,2,1.0,2.0
ERR_UPDATE_102,2053-02-11,2,1.0,2.0
ERR_UPDATE_102,2061-02-21,2,1.0,2.0
ERR_UPDATE_102,2061-06-24,2,1.0,2.0
ERR_UPDATE_102,2062-08-06,2,1.0,2.0
ERR_UPDATE_102,2062-11-06,2,1.0,2.0
ERR_UPDATE_102,2063-02-04,2,1.0,2.0
ERR_UPDATE_102,2064-11-26,2,1.0,2.0
ERR_UPDATE_102,2065-04-18,2,1.0,2.0
ERR_UPDATE_102,2070-04-27,2,1.0,2.0
ERR_UPDATE_102,2072-04-17,2,1.0,2.0
ERR_UPDATE_102,2075-08-10,2,1.0,2.0
ERR_UPDATE_102,2082-05-13,2,1.0,2.0
ERR_UPDATE_102,2085-06-18,2,1.0,2.0
ERR_UPDATE_103,2025-11-02,2,1.0,2.0
ERR_UPDATE_103,2029-04-22,2,1.0,2.0
ERR_UPDATE_103,2031-01-04,2,1.0,2.0
ERR_UPDATE_103,2031-10-19,2,1.0,2.0
ERR_UPDATE_103,2037-08-02,2,1.0,2.0
ERR_UPDATE_103,2039-06-11,2,1.0,2.0
ERR_UPDATE_103,2041-07-02,2,1.0,2.0
ERR_UPDATE_103,2043-02-07,2,1.0,2.0
ERR_UPDATE_103,2045-04-29,2,1.0,2.0
ERR_UPDATE_103,2048-07-11,2,1.0,2.0
ERR_UPDATE_103,2049-02-25,2,1.0,2.0
ERR_UPDATE_103,2053-12-11,2,1.0,2.0
ERR_UPDATE_103,2055-06-04,2,1.0,2.0
ERR_UPDATE_103,2056-04-11,2,1.0,2.0
ERR_UPDATE_103,2060-10-15,2,1.0,2.0
ERR_UPDATE_103,2061-02-23,2,1.0,2.0
ERR_UPDATE_103,2066-05-14,2,1.0,2.0
ERR_UPDATE_103,2071-03-19,2,1.0,2.0
ERR_UPDATE_103,2071-09-21,2,1.0,2.0
ERR_UPDATE_103,2079-01-16,2,1.0,2.0
ERR_UPDATE_103,2084-01-20,2,1.0,2.0
ERR_UPDATE_103,2085-03-04,2,1.0,2.0
ERR_UPDATE_103,2090-01-11,2,1.0,2.0
ERR_UPDATE_103,2091-08-17,2,1.0,2.0
ERR_UPDATE_104,2024-10-16,2,1.0,2.0
ERR_UPDATE_104,2027-08-16,2,1.0,2.0
ERR_UPDATE_104,2028-06-26,2,1.0,2.0
ERR_UPDATE_104,2029-03-16,2,1.0,2.0
ERR_UPDATE_104,2032-01-16,2,1.0,2.0
ERR_UPDATE_104,2033-10-07,2,1.0,2.0
ERR_UPDATE_104,2035-11-17,2,1.0,2.0
ERR_UPDATE_104,2038-01-15,2,1.0,2.0
ERR_UPDATE_104,2041-09-11,2,1.0,2.0
ERR_UPDATE_104,2047-07-02,2,1.0,2.0
ERR_UPDATE_104,2059-03-26,2,1.0,2.0
ERR_UPDATE_104,2060-05-11,2,1.0,2.0
ERR_UPDATE_104,2070-12-22,2,1.0,2.0
ERR_UPDATE_104,2071-12-19,2,1.0,2.0
ERR_UPDATE_104,2075-12-29,2,1.0,2.0
ERR_UPDATE_104,2083-06-06,2,1.0,2.0
ERR_UPDATE_104,2089-08-21,2,1.0,2.0
ERR_UPDATE_105,2024-05-10,2,1.0,2.0
ERR_UPDATE_105,2024-10-30,2,1.0,2.0
ERR_UPDATE_105,2029-10-02,2,1.0,2.0
ERR_UPDATE_105,2033-01-19,2,1.0,2.0
ERR_UPDATE_105,2033-09-25,2,1.0,2.0
ERR_UPDATE_105,2044-12-26,2,1.0,2.0
ERR_UPDATE_105,2050-02-22,2,1.0,2.0
ERR_UPDATE_105,2050-12-08,2,1.0,2.0
ERR_UPDATE_105,2052-05-08,2,1.0,2.0
ERR_UPDATE_105,2052-07-29,2,1.0,2.0
ERR_UPDATE_105,2053-02-20,2,1.0,2.0
ERR_UPDATE_105,2055-03-29,2,1.0,2.0
ERR_UPDATE_105,2058-01-13,2,1.0,2.0
ERR_UPDATE_105,2059-06-27,2,1.0,2.0
ERR_UPDATE_105,2060-07-26,2,1.0,2.0
ERR_UPDATE_105,2061-02-11,2,1.0,2.0
ERR_UPDATE_105,2065-10-19,2,1.0,2.0
ERR_UPDATE_105,2071-07-06,2,1.0,2.0
ERR_UPDATE_105,2074-06-21,2,1.0,2.0
ERR_UPDATE_105,2075-03-10,2,1.0,2.0
ERR_UPDATE_105,2077-08-04,2,1.0,2.0
ERR_UPDATE_105,2078-07-30,2,1.0,2.0
ERR_UPDATE_105,2079-12-21,2,1.0,2.0
ERR_UPDATE_105,2083-06-11,2,1.0,2.0
ERR_UPDATE_105,2087-04-26,2,1.0,2.0
ERR_UPDATE_105,2088-05-15,2,1.0,2.0
ERR_UPDATE_105,2090-04-22,2,1.0,2.0
ERR_UPDATE_105,2091-04-10,2,1.0,2.0
ERR_UPDATE_105,2092-01-02,2,1.0,2.0
ERR_UPDATE_106,2032-06-17,2,1.0,2.0
ERR_UPDATE_106,2033-07-10,2,1.0,2.0
ERR_UPDATE_106,2036-06-21,2,1.0,2.0
ERR_UPDATE_106,2038-07-18,2,1.0,2.0
ERR_UPDATE_106,2043-01-16,2,1.0,2.0
ERR_UPDATE_106,2049-02-09,2,1.0,2.0
ERR_UPDATE_106,2050-12-02,2,1.0,2.0
ERR_UPDATE_106,2052-06-10,2,1.0,2.0
ERR_UPDATE_106,2056-02-23,2,1.0,2.0
ERR_UPDATE_106,2057-12-18,2,1.0,2.0
ERR_UPDATE_106,2059-06-30,2,1.0,2.0
ERR_UPDATE_106,2061-01-08,2,1.0,2.0
ERR_UPDATE_106,2062-07-29,2,1.0,2.0
ERR_UPDATE_106,2074-07-14,2,1.0,2.0
ERR_UPDATE_106,2078-01-29,2,1.0,2.0
ERR_UPDATE_106,2081-11-07,2,1.0,2.0
ERR_UPDATE_106,2082-12-15,2,1.0,2.0
ERR_UPDATE_106,2085-09-29,2,1.0,2.0
ERR_UPDATE_106,2087-03-11,2,1.0,2.0
ERR_UPDATE_106,2088-12-03,2,1.0,2.0
ERR_UPDATE_107,2030-09-05,2,1.0,2.0
ERR_UPDATE_107,2031-08-02,2,1.0,2.0
ERR_UPDATE_107,2032-01-02,2,1.0,2.0
ERR_UPDATE_107,2042-09-07,2,1.0,2.0
ERR_UPDATE_107,2045-03-06,2,1.0,2.0
ERR_UPDATE_107,2046-11-20,2,1.0,2.0
ERR_UPDATE_107,2048-10-17,2,1.0,2.0
ERR_UPDATE_107,2050-07-21,2,1.0,2.0
ERR_UPDATE_107,2052-12-24,2,1.0,2.0
ERR_UPDATE_107,2056-11-04,2,1.0,2.0
ERR_UPDATE_107,2057-07-02,2,1.0,2.0
ERR_UPDATE_107,2059-07-16,2,1.0,2.0
ERR_UPDATE_107,2060-05-28,2,1.0,2.0
ERR_UPDATE_107,2062-11-02,2,1.0,2.0
ERR_UPDATE_107,2068-03-20,2,1.0,2.0
ERR_UPDATE_107,2069-02-14,2,1.0,2.0
ERR_UPDATE_107,2070-10-26,2,1.0,2.0
ERR_UPDATE_107,2072-08-25,2,1.0,2.0
ERR_UPDATE_107,2074-06-23,2,1.0,2.0
ERR_UPDATE_107,2076-11-07,2,1.0,2.0
ERR_UPDATE_107,2080-06-21,2,1.0,2.0
ERR_UPDATE_107,2083-05-24,2,1.0,2.0
ERR_UPDATE_107,2084-02-27,2,1.0,2.0
ERR_UPDATE_107,2085-10-05,2,1.0,2.0
ERR_UPDATE_107,2089-07-31,2,1.0,2.0
ERR_UPDATE_107,2090-07-05,2,1.0,2.0
ERR_UPDATE_107,2091-05-25,2,1.0,2.0
ERR_UPDATE_108,2024-03-17,2,1.0,2.0
ERR_UPDATE_108,2027-12-05,2,1.0,2.0
ERR_UPDATE_108,2028-06-29,2,1.0,2.0
ERR_UPDATE_108,2029-08-20,2,1.0,2.0
ERR_UPDATE_108,2033-05-07,2,1.0,2.0
ERR_UPDATE_108,2036-03-02,2,1.0,2.0
ERR_UPDATE_108,2037-12-20,2,1.0,2.0
ERR_UPDATE_108,2041-12-29,2,1.0,2.0
ERR_UPDATE_108,2045-08-09,2,1.0,2.0
ERR_UPDATE_108,2049-04-05,2,1.0,2.0
ERR_UPDATE_108,2062-07-19,2,1.0,2.0
ERR_UPDATE_108,2066-10-03,2,1.0,2.0
ERR_UPDATE_108,2070-04-10,2,1.0,2.0
ERR_UPDATE_108,2071-08-18,2,1.0,2.0
ERR_UPDATE_108,2076-08-01,2,1.0,2.0
ERR_UPDATE_108,2079-10-26,2,1.0,2.0
ERR_UPDATE_108,2084-05-06,2,1.0,2.0
ERR_UPDATE_108,2087-03-29,2,1.0,2.0
ERR_UPDATE_109,2025-06-27,2,1.0,2.0
ERR_UPDATE_109,2028-12-10,2,1.0,2.0
ERR_UPDATE_109,2032-04-21,2,1.0,2.0
ERR_UPDATE_109,2033-02-24,2,1.0,2.0
ERR_UPDATE_109,2035-03-09,2,1.0,2.0
ERR_UPDATE_109,2038-04-30,2,1.0,2.0
ERR_UPDATE_109,2040-12-02,2,1.0,2.0
ERR_UPDATE_109,2046-11-20,2,1.0,2.0
ERR_UPDATE_109,2048-01-17,2,1.0,2.0
ERR_UPDATE_109,2048-10-14,2,1.0,2.0
ERR_UPDATE_109,2049-02-28,2,1.0,2.0
ERR_UPDATE_109,2053-06-19,2,1.0,2.0
ERR_UPDATE_109,2054-01-17,2,1.0,2.0
ERR_UPDATE_109,2056-06-22,2,1.0,2.0
ERR_UPDATE_109,2056-11-13,2,1.0,2.0
ERR_UPDATE_109,2057-02-27,2,1.0,2.0
ERR_UPDATE_109,2059-06-10,2,1.0,2.0
ERR_UPDATE_109,2061-06-04,2,1.0,2.0
ERR_UPDATE_109,2063-01-27,2,1.0,2.0
ERR_UPDATE_109,2064-12-17,2,1.0,2.0
ERR_UPDATE_109,2068-11-07,2,1.0,2.0
ERR_UPDATE_109,2072-03-23,2,1.0,2.0
ERR_UPDATE_109,2073-02-20,2,1.0,2.0
ERR_UPDATE_109,2075-07-25,2,1.0,2.0
ERR_UPDATE_109,2076-09-16,2,1.0,2.0
ERR_UPDATE_109,2077-07-29,2,1.0,2.0
ERR_UPDATE_109,2078-01-26,2,1.0,2.0
ERR_UPDATE_109,2080-10-01,2,1.0,2.0
ERR_UPDATE_109,2082-03-13,2,1.0,2.0
ERR_UPDATE_109,2085-05-15,2,1.0,2.0
ERR_UPDATE_109,2087-02-20,2,1.0,2.0
ERR_UPDATE_109,2088-02-16,2,1.0,2.0
ERR_UPDATE_109,2090-12-28,2,1.0,2.0
ERR_BOOT_100,2031-12-24,2,1.1428571428571428,1.75
ERR_BOOT_100,2038-01-23,2,1.1428571428571428,1.75
ERR_BOOT_100,2058-06-08,2,1.1428571428571428,1.75
ERR_BOOT_100,2060-12-06,2,1.1428571428571428,1.75
ERR_BOOT_100,2077-11-24,2,1.1428571428571428,1.75
ERR_BOOT_100,2078-08-22,2,1.1428571428571428,1.75
ERR_BOOT_100,2081-12-07,2,1.1428571428571428,1.75
ERR_BOOT_101,2036-06-13,2,1.1428571428571428,1.75
ERR_BOOT_102,2054-07-12,2,1.1428571428571428,1.75
ERR_BOOT_102,2066-04-17,2,1.1428571428571428,1.75
ERR_BOOT_102,2083-05-19,2,1.1428571428571428,1.75
ERR_BOOT_103,2033-08-08,2,1.1428571428571428,1.75
ERR_BOOT_103,2033-09-08,2,1.1428571428571428,1.75
ERR_BOOT_103,2039-05-16,2,1.1428571428571428,1.75
ERR_BOOT_103,2071-03-26,2,1.1428571428571428,1.75
ERR_BOOT_103,2079-11-29,2,1.1428571428571428,1.75
ERR_BOOT_103,2081-04-25,2,1.1428571428571428,1.75
ERR_BOOT_103,2082-02-24,2,1.1428571428571428,1.75
ERR_BOOT_103,2086-07-12,2,1.1428571428571428,1.75
ERR_BOOT_104,2045-07-14,2,1.1428571428571428,1.75
ERR_BOOT_104,2059-04-21,2,1.1428571428571428,1.75
ERR_BOOT_105,2057-03-05,2,1.1428571428571428,1.75
ERR_BOOT_105,2057-07-27,2,1.1428571428571428,1.75
ERR_BOOT_105,2077-01-23,2,1.1428571428571428,1.75
ERR_BOOT_106,2057-08-04,2,1.1428571428571428,1.75
ERR_BOOT_106,2067-02-18,2,1.1428571428571428,1.75
ERR_BOOT_107,2039-02-06,2,1.1428571428571428,1.75
ERR_BOOT_107,2039-10-10,2,1.1428571428571428,1.75
ERR_BOOT_108,2025-07-03,2,1.1428571428571428,1.75
ERR_BOOT_108,2049-11-24,2,1.1428571428571428,1.75
ERR_BOOT_108,2070-10-13,2,1.1428571428571428,1.75
ERR_BOOT_108,2077-01-01,2,1.1428571428571428,1.75
ERR_BOOT_108,2079-12-15,2,1.1428571428571428,1.75
ERR_BOOT_109,2027-05-05,2,1.1428571428571428,1.75
ERR_BOOT_109,2046-11-30,2,1.1428571428571428,1.75
ERR_BOOT_109,2049-03-11,2,1.1428571428571428,1.75
ERR_BOOT_109,2050-05-30,2,1.1428571428571428,1.75
ERR_BOOT_109,2082-03-17,2,1.1428571428571428,1.75
ERR_CRASH_100,2028-03-02,2,1.1428571428571428,1.75
ERR_CRASH_100,2028-04-04,2,1.1428571428571428,1.75
ERR_CRASH_100,2029-04-22,2,1.1428571428571428,1.75
ERR_CRASH_100,2056-10-01,2,1.1428571428571428,1.75
ERR_CRASH_100,2058-02-03,2,1.1428571428571428,1.75
ERR_CRASH_100,2078-08-03,2,1.1428571428571428,1.75
ERR_CRASH_100,2079-05-28,2,1.1428571428571428,1.75
ERR_CRASH_100,2079-10-04,2,1.1428571428571428,1.75
ERR_CRASH_101,2057-04-10,2,1.1428571428571428,1.75
ERR_CRASH_101,2057-11-19,2,1.1428571428571428,1.75
ERR_CRASH_102,2032-03-07,2,1.1428571428571428,1.75
ERR_CRASH_102,2032-09-03,2,1.1428571428571428,1.75
ERR_CRASH_102,2042-11-09,2,1.1428571428571428,1.75
ERR_CRASH_102,2043-07-25,2,1.1428571428571428,1.75
ERR_CRASH_102,2056-07-12,2,1.1428571428571428,1.75
ERR_CRASH_102,2084-01-02,2,1.1428571428571428,1.75
ERR_CRASH_103,2057-02-20,2,1.1428571428571428,1.75
ERR_CRASH_103,2064-10-05,2,1.1428571428571428,1.75
ERR_CRASH_103,2077-01-17,2,1.1428571428571428,1.75
ERR_CRASH_104,2025-05-21,2,1.1428571428571428,1.75
ERR_CRASH_104,2042-03-21,2,1.1428571428571428,1.75
ERR_CRASH_104,2049-07-20,2,1.1428571428571428,1.75
ERR_CRASH_104,2053-02-28,2,1.1428571428571428,1.75
ERR_CRASH_104,2092-04-21,2,1.1428571428571428,1.75
ERR_CRASH_105,2040-03-16,2,1.1428571428571428,1.75
ERR_CRASH_105,2069-07-19,2,1.1428571428571428,1.75
ERR_CRASH_105,2071-09-30,2,1.1428571428571428,1.75
ERR_CRASH_106,2037-10-05,2,1.1428571428571428,1.75
ERR_CRASH_106,2042-02-17,2,1.1428571428571428,1.75
ERR_CRASH_106,2046-01-28,2,1.1428571428571428,1.75
ERR_CRASH_106,2049-03-25,2,1.1428571428571428,1.75
ERR_CRASH_106,2049-04-27,2,1.1428571428571428,1.75
ERR_CRASH_106,2066-05-22,2,1.1428571428571428,1.75
ERR_CRASH_106,2070-05-01,2,1.1428571428571428,1.75
ERR_CRASH_106,2083-12-22,2,1.1428571428571428,1.75
ERR_CRASH_107,2035-11-09,2,1.1428571428571428,1.75
ERR_CRASH_107,2063-06-17,2,1.1428571428571428,1.75
ERR_CRASH_107,2064-12-31,2,1.1428571428571428,1.75
ERR_CRASH_107,2075-03-12,2,1.1428571428571428,1.75
ERR_CRASH_107,2079-01-24,2,1.1428571428571428,1.75
ERR_CRASH_107,2080-07-16,2,1.1428571428571428,1.75
ERR_CRASH_108,2060-05-20,2,1.1428571428571428,1.75
ERR_CRASH_108,2070-05-07,2,1.1428571428571428,1.75
ERR_CRASH_108,2076-05-05,2,1.1428571428571428,1.75
ERR_CRASH_109,2027-04-26,2,1.1428571428571428,1.75
ERR_CRASH_109,2049-04-25,2,1.1428571428571428,1.75
ERR_CRASH_109,2062-09-17,2,1.1428571428571428,1.75
ERR_CRASH_109,2070-04-30,2,1.1428571428571428,1.75
ERR_CRASH_109,2074-11-02,2,1.1428571428571428,1.75
ERR_NETWORK_100,2043-01-18,2,1.1428571428571428,1.75
ERR_NETWORK_100,2045-01-29,2,1.1428571428571428,1.75
ERR_NETWORK_100,2066-11-21,2,1.1428571428571428,1.75
ERR_NETWORK_100,2077-07-31,2,1.1428571428571428,1.75
ERR_NETWORK_100,2085-10-23,2,1.1428571428571428,1.75
ERR_NETWORK_101,2027-09-29,2,1.1428571428571428,1.75
ERR_NETWORK_101,2034-11-14,2,1.1428571428571428,1.75
ERR_NETWORK_101,2035-02-07,2,1.1428571428571428,1.75
ERR_NETWORK_101,2039-01-16,2,1.1428571428571428,1.75
ERR_NETWORK_101,2071-12-03,2,1.1428571428571428,1.75
ERR_NETWORK_101,2079-02-15,2,1.1428571428571428,1.75
ERR_NETWORK_102,2081-11-03,2,1.1428571428571428,1.75
ERR_NETWORK_103,2038-08-01,2,1.1428571428571428,1.75
ERR_NETWORK_103,2045-11-01,2,1.1428571428571428,1.75
ERR_NETWORK_103,2046-12-12,2,1.1428571428571428,1.75
ERR_NETWORK_103,2052-11-28,2,1.1428571428571428,1.75
ERR_NETWORK_104,2025-09-05,2,1.1428571428571428,1.75
ERR_NETWORK_104,2030-10-30,2,1.1428571428571428,1.75
ERR_NETWORK_104,2031-12-27,2,1.1428571428571428,1.75
ERR_NETWORK_104,2054-03-03,2,1.1428571428571428,1.75
ERR_NETWORK_104,2073-10-25,2,1.1428571428571428,1.75
ERR_NETWORK_104,2091-12-30,2,1.1428571428571428,1.75
ERR_NETWORK_105,2025-10-21,2,1.1428571428571428,1.75
ERR_NETWORK_105,2046-11-18,2,1.1428571428571428,1.75
ERR_NETWORK_105,2055-11-23,2,1.1428571428571428,1.75
ERR_NETWORK_105,2060-10-14,2,1.1428571428571428,1.75
ERR_NETWORK_105,2063-12-24,2,1.1428571428571428,1.75
ERR_NETWORK_105,2077-08-11,2,1.1428571428571428,1.75
ERR_NETWORK_105,2081-05-31,2,1.1428571428571428,1.75
ERR_NETWORK_105,2085-09-04,2,1.1428571428571428,1.75
ERR_NETWORK_105,2086-01-03,2,1.1428571428571428,1.75
ERR_NETWORK_105,2086-02-10,2,1.1428571428571428,1.75
ERR_NETWORK_105,2091-07-04,2,1.1428571428571428,1.75
ERR_NETWORK_106,2028-03-17,2,1.1428571428571428,1.75
ERR_NETWORK_106,2056-07-11,2,1.1428571428571428,1.75
ERR_NETWORK_106,2058-07-03,2,1.1428571428571428,1.75
ERR_NETWORK_106,2065-01-17,2,1.1428571428571428,1.75
ERR_NETWORK_106,2083-04-03,2,1.1428571428571428,1.75
ERR_NETWORK_106,2083-08-12,2,1.1428571428571428,1.75
ERR_NETWORK_107,2025-07-19,2,1.1428571428571428,1.75
ERR_NETWORK_107,2026-06-02,2,1.1428571428571428,1.75
ERR_NETWORK_107,2033-05-16,2,1.1428571428571428,1.75
ERR_NETWORK_107,2046-08-23,2,1.1428571428571428,1.75
ERR_NETWORK_107,2085-10-25,2,1.1428571428571428,1.75
ERR_NETWORK_108,2038-01-07,2,1.1428571428571428,1.75
ERR_NETWORK_108,2042-12-28,2,1.1428571428571428,1.75
ERR_NETWORK_108,2053-03-30,2,1.1428571428571428,1.75
ERR_NETWORK_108,2063-01-08,2,1.1428571428571428,1.75
ERR_NETWORK_108,2077-01-11,2,1.1428571428571428,1.75
ERR_NETWORK_108,2079-10-24,2,1.1428571428571428,1.75
ERR_NETWORK_108,2081-09-11,2,1.1428571428571428,1.75
ERR_NETWORK_109,2061-11-02,2,1.1428571428571428,1.75
ERR_NETWORK_109,2076-05-25,2,1.1428571428571428,1.75
ERR_NETWORK_109,2077-02-26,2,1.1428571428571428,1.75
ERR_NETWORK_109,2077-08-11,2,1.1428571428571428,1.75
ERR_STREAM_100,2024-09-20,2,1.1428571428571428,1.75
ERR_STREAM_100,2024-12-16,2,1.1428571428571428,1.75
ERR_STREAM_100,2027-05-18,2,1.1428571428571428,1.75
ERR_STREAM_100,2043-06-02,2,1.1428571428571428,1.75
ERR_STREAM_100,2046-11-29,2,1.1428571428571428,1.75
ERR_STREAM_100,2048-05-04,2,1.1428571428571428,1.75
ERR_STREAM_100,2056-07-24,2,1.1428571428571428,1.75
ERR_STREAM_100,2063-05-13,2,1.1428571428571428,1.75
ERR_STREAM_100,2070-04-18,2,1.1428571428571428,1.75
ERR_STREAM_100,2075-08-23,2,1.1428571428571428,1.75
ERR_STREAM_101,2029-11-10,2,1.1428571428571428,1.75
ERR_STREAM_101,2061-02-23,2,1.1428571428571428,1.75
ERR_STREAM_102,2044-05-05,2,1.1428571428571428,1.75
ERR_STREAM_103,2027-01-22,2,1.1428571428571428,1.75
ERR_STREAM_103,2029-02-19,2,1.1428571428571428,1.75
ERR_STREAM_103,2031-01-04,2,1.1428571428571428,1.75
ERR_STREAM_103,2050-06-16,2,1.1428571428571428,1.75
ERR_STREAM_103,2052-11-30,2,1.1428571428571428,1.75
ERR_STREAM_103,2070-11-05,2,1.1428571428571428,1.75
ERR_STREAM_104,2026-02-21,2,1.1428571428571428,1.75
ERR_STREAM_104,2056-07-27,2,1.1428571428571428,1.75
ERR_STREAM_104,2075-07-09,2,1.1428571428571428,1.75
ERR_STREAM_104,2086-09-01,2,1.1428571428571428,1.75
ERR_STREAM_105,2027-04-14,2,1.1428571428571428,1.75
ERR_STREAM_105,2044-09-19,2,1.1428571428571428,1.75
ERR_STREAM_105,2047-08-21,2,1.1428571428571428,1.75
ERR_STREAM_105,2056-09-01,2,1.1428571428571428,1.75
ERR_STREAM_105,2069-06-04,2,1.1428571428571428,1.75
ERR_STREAM_106,2027-12-25,2,1.1428571428571428,1.75
ERR_STREAM_106,2028-07-03,2,1.1428571428571428,1.75
ERR_STREAM_106,2029-01-03,2,1.1428571428571428,1.75
ERR_STREAM_106,2033-07-20,2,1.1428571428571428,1.75
ERR_STREAM_106,2043-12-15,2,1.1428571428571428,1.75
ERR_STREAM_106,2050-06-26,2,1.1428571428571428,1.75
ERR_STREAM_106,2052-02-04,2,1.1428571428571428,1.75
ERR_STREAM_106,2065-01-11,2,1.1428571428571428,1.75
ERR_STREAM_107,2029-04-06,2,1.1428571428571428,1.75
ERR_STREAM_107,2036-06-29,2,1.1428571428571428,1.75
ERR_STREAM_107,2043-12-04,2,1.1428571428571428,1.75
ERR_STREAM_107,2043-12-05,2,1.1428571428571428,1.75
ERR_STREAM_107,2078-07-02,2,1.1428571428571428,1.75
ERR_STREAM_107,2084-06-13,2,1.1428571428571428,1.75
ERR_STREAM_108,2029-05-14,2,1.1428571428571428,1.75
ERR_STREAM_109,2038-10-08,2,1.1428571428571428,1.75
ERR_STREAM_109,2042-03-21,2,1.1428571428571428,1.75
ERR_STREAM_109,2044-04-22,2,1.1428571428571428,1.75
ERR_STREAM_109,2046-02-03,2,1.1428571428571428,1.75
ERR_STREAM_109,2057-02-12,2,1.1428571428571428,1.75
ERR_STREAM_109,2058-04-06,2,1.1428571428571428,1.75
ERR_STREAM_109,2063-12-16,2,1.1428571428571428,1.75
ERR_STREAM_109,2067-02-01,2,1.1428571428571428,1.75
ERR_STREAM_109,2078-04-22,2,1.1428571428571428,1.75
ERR_STREAM_109,2087-02-21,2,1.1428571428571428,1.75
ERR_UPDATE_100,2027-11-27,2,1.1428571428571428,1.75
ERR_UPDATE_100,2047-04-02,2,1.1428571428571428,1.75
ERR_UPDATE_100,2049-12-14,2,1.1428571428571428,1.75
ERR_UPDATE_100,2051-02-09,2,1.1428571428571428,1.75
ERR_UPDATE_100,2053-06-07,2,1.1428571428571428,1.75
ERR_UPDATE_100,2075-11-07,2,1.1428571428571428,1.75
ERR_UPDATE_100,2083-06-01,2,1.1428571428571428,1.75
ERR_UPDATE_101,2056-10-20,2,1.1428571428571428,1.75
ERR_UPDATE_101,2062-08-18,2,1.1428571428571428,1.75
ERR_UPDATE_101,2086-10-10,2,1.1428571428571428,1.75
ERR_UPDATE_101,2087-02-18,2,1.1428571428571428,1.75
ERR_UPDATE_102,2039-10-14,2,1.1428571428571428,1.75
ERR_UPDATE_102,2042-01-11,2,1.1428571428571428,1.75
ERR_UPDATE_102,2048-06-30,2,1.1428571428571428,1.75
ERR_UPDATE_102,2053-03-11,2,1.1428571428571428,1.75
ERR_UPDATE_102,2061-07-14,2,1.1428571428571428,1.75
ERR_UPDATE_102,2063-03-05,2,1.1428571428571428,1.75
ERR_UPDATE_102,2063-05-24,2,1.1428571428571428,1.75
ERR_UPDATE_102,2065-07-31,2,1.1428571428571428,1.75
ERR_UPDATE_102,2085-12-19,2,1.1428571428571428,1.75
ERR_UPDATE_103,2031-01-05,2,1.1428571428571428,1.75
ERR_UPDATE_103,2039-09-08,2,1.1428571428571428,1.75
ERR_UPDATE_103,2040-03-13,2,1.1428571428571428,1.75
ERR_UPDATE_103,2045-05-06,2,1.1428571428571428,1.75
ERR_UPDATE_103,2066-08-28,2,1.1428571428571428,1.75
ERR_UPDATE_103,2091-12-08,2,1.1428571428571428,1.75
ERR_UPDATE_104,2024-10-21,2,1.1428571428571428,1.75
ERR_UPDATE_104,2027-10-30,2,1.1428571428571428,1.75
ERR_UPDATE_104,2041-11-01,2,1.1428571428571428,1.75
ERR_UPDATE_105,2051-01-28,2,1.1428571428571428,1.75
ERR_UPDATE_105,2061-06-09,2,1.1428571428571428,1.75
ERR_UPDATE_105,2074-06-29,2,1.1428571428571428,1.75
ERR_UPDATE_105,2087-05-04,2,1.1428571428571428,1.75
ERR_UPDATE_106,2038-11-10,2,1.1428571428571428,1.75
ERR_UPDATE_106,2051-01-13,2,1.1428571428571428,1.75
ERR_UPDATE_107,2047-03-09,2,1.1428571428571428,1.75
ERR_UPDATE_107,2057-09-05,2,1.1428571428571428,1.75
ERR_UPDATE_107,2072-12-09,2,1.1428571428571428,1.75
ERR_UPDATE_107,2077-06-16,2,1.1428571428571428,1.75
ERR_UPDATE_107,2080-08-06,2,1.1428571428571428,1.75
ERR_UPDATE_108,2062-09-07,2,1.1428571428571428,1.75
ERR_UPDATE_108,2070-05-15,2,1.1428571428571428,1.75
ERR_UPDATE_109,2033-05-13,2,1.1428571428571428,1.75
ERR_UPDATE_109,2075-10-19,2,1.1428571428571428,1.75
ERR_UPDATE_109,2080-10-31,2,1.1428571428571428,1.75
ERR_UPDATE_109,2081-04-30,2,1.1428571428571428,1.75
ERR_BOOT_103,2082-03-22,2,1.2857142857142858,1.56
ERR_BOOT_107,2039-11-01,2,1.2857142857142858,1.56
ERR_BOOT_107,2065-10-02,2,1.2857142857142858,1.56
ERR_CRASH_101,2057-06-28,2,1.2857142857142858,1.56
ERR_CRASH_103,2074-07-10,2,1.2857142857142858,1.56
ERR_CRASH_104,2049-08-27,2,1.2857142857142858,1.56
ERR_CRASH_104,2053-07-12,2,1.2857142857142858,1.56
ERR_CRASH_106,2084-02-28,2,1.2857142857142858,1.56
ERR_CRASH_107,2080-08-21,2,1.2857142857142858,1.56
ERR_NETWORK_100,2045-02-13,2,1.2857142857142858,1.56
ERR_NETWORK_100,2077-08-20,2,1.2857142857142858,1.56
ERR_NETWORK_100,2078-01-28,2,1.2857142857142858,1.56
ERR_NETWORK_101,2061-10-06,2,1.2857142857142858,1.56
ERR_NETWORK_104,2025-11-03,2,1.2857142857142858,1.56
ERR_NETWORK_104,2073-11-08,2,1.2857142857142858,1.56
ERR_NETWORK_106,2056-07-13,2,1.2857142857142858,1.56
ERR_NETWORK_108,2043-01-08,2,1.2857142857142858,1.56
ERR_STREAM_100,2043-08-05,2,1.2857142857142858,1.56
ERR_STREAM_100,2043-11-30,2,1.2857142857142858,1.56
ERR_STREAM_100,2056-07-27,2,1.2857142857142858,1.56
ERR_STREAM_103,2027-02-15,2,1.2857142857142858,1.56
ERR_STREAM_103,2051-01-18,2,1.2857142857142858,1.56
ERR_STREAM_105,2045-02-06,2,1.2857142857142858,1.56
ERR_STREAM_105,2056-10-18,2,1.2857142857142858,1.56
ERR_STREAM_107,2051-10-21,2,1.2857142857142858,1.56
ERR_STREAM_109,2046-04-20,2,1.2857142857142858,1.56
ERR_STREAM_109,2058-05-18,2,1.2857142857142858,1.56
ERR_UPDATE_100,2053-10-12,2,1.2857142857142858,1.56
