firmware_version,code_churn_score,churn_norm,risk_score,high_risk_flag,QA_priority_score,QA_bucket
10.0.1,0.24575,0.14486281525641742,0.005268391316839,0,0.06110616089267037,Low
10.0.2,0.0371739130434782,0.0,0.5419003266242953,1,0.32514019597457716,Low
10.1.0,0.2461136363636363,0.145360946579027,0.2016427521805509,0,0.17913002993994134,Low
10.1.1,0.1708181818181818,0.04221662959116741,0.0122191870280844,0,0.024218164053317604,Low
10.2.0,0.1340375,0.0,0.6960725787775449,1,0.4176435472665269,Medium
10.2.1,0.04990625,0.0,0.0808204431600985,0,0.048492265896059095,Low
10.3.0,0.0897999999999999,0.0,0.030619240784004,0,0.018371544470402398,Low
10.4.0,0.1817333333333333,0.05716887145816689,0.7863614449934031,1,0.49468441557930865,Medium
10.4.1,0.0965,0.0,0.0446903697181482,0,0.02681422183088892,Low
10.4.2,2.6668000000000003,1.0,0.0235055539880278,0,0.4141033323928167,Medium
10.4.3,0.1817142857142857,0.05714277886507782,0.0451633028903499,0,0.04995509328024107,Low
10.4.4,0.1130357142857142,0.0,0.6431240173182877,1,0.38587441039097264,Low
10.5.0,0.3397820512820512,0.27367366795668935,0.306552927429735,0,0.29340122364051674,Low
10.5.1,0.2131136363636363,0.10015552905220171,0.0689576920359115,0,0.08143682684242759,Low
10.5.2,0.1879473684210526,0.06568123662988488,0.5244108160627493,1,0.34091898428960354,Low
10.6.0,0.1730769230769231,0.04531079146045428,0.6635527771884616,1,0.4162559828972587,Medium
10.6.1,0.291861111111111,0.20802863435955704,0.0082901639632723,0,0.0881855521217862,Low
10.6.2,0.4345227272727272,0.40345523810614947,0.650851144355119,1,0.5518927818555313,Medium
10.7.0,0.0876666666666666,0.0,0.8912806901701105,1,0.5347684141020662,Medium
10.7.1,0.1170357142857143,0.0,0.0272217194984454,0,0.01633303169906724,Low
10.7.2,0.1295151515151515,0.0,0.0329068797182412,0,0.01974412783094472,Low
10.7.3,0.535125,0.5412663818268741,0.0140215397689903,0,0.22491947659214384,Low
10.7.4,0.555590909090909,0.5693018353274982,0.8488857559304391,1,0.7370521876892628,High
10.7.5,0.2544038461538461,0.15671738278967573,0.0041222725891226,0,0.06516031666934385,Low
10.8.0,0.669640625,0.7255341088573851,0.0458291023701153,0,0.3177111049650232,Low
10.9.0,0.2939230769230769,0.21085324119155574,0.0191378963152128,0,0.09582403426574998,Low
10.9.1,0.2472173913043478,0.14687293757727427,0.1705474620877876,0,0.16107765228358226,Low
10.9.2,0.4093333333333334,0.36894926627954394,0.0126692456865957,0,0.15518125392377502,Low
10.9.3,0.256975,0.16023950652122393,0.082590839957303,0,0.11365030658287137,Low
10.9.4,0.0953571428571428,0.0,0.8739439783567096,1,0.5243663870140257,Medium
10.10.0,0.16675,0.036643785419472025,0.4423951995395596,0,0.28009463389152456,Low
10.10.1,0.2076666666666666,0.09269393694894472,0.5784801447476728,1,0.3841656616281816,Low
10.11.0,0.3178611111111111,0.2436450239261468,0.0105695460206132,0,0.10379973718282665,Low
10.11.1,0.1311290322580645,0.0,0.7420395755578478,1,0.4452237453347087,Medium
10.11.2,0.0842142857142857,0.0,0.2619841822150973,0,0.15719050932905837,Low
10.12.0,0.201235294117647,0.08388384963533885,0.0191994933183502,0,0.04507323584514566,Low
10.12.1,0.3863125,0.3374139213507927,0.0078491169075964,0,0.1396750386848749,Low
10.12.2,0.1375952380952381,0.0,0.104801272725165,0,0.062880763635099,Low
10.12.3,0.4065249999999999,0.36510223958597304,0.7015677957354871,1,0.5669815732756815,Medium
10.12.4,0.1093913043478261,0.0,0.0255185092413391,0,0.01531110554480346,Low
10.12.5,0.1619696969696969,0.030095434074332624,0.8718273919523887,1,0.5351346088011663,Medium
10.12.6,0.2303421052631579,0.12375613905071074,0.695175128652259,1,0.4666075328116397,Medium
10.12.7,0.6237142857142858,0.6626214014971017,0.0873874388127602,0,0.3174810238864968,Low
10.12.8,0.1541388888888888,0.019368314411745715,0.0173507300742368,0,0.018157763809240366,Low
10.12.9,0.314625,0.23921200107945054,0.5242155767075524,1,0.41021414645631166,Medium
10.12.10,0.1440875,0.005599307398209035,0.5109125613465596,1,0.3087872597672193,Low
10.12.11,0.15786,0.02446571990997271,0.025653684421891,0,0.025178498617123686,Low
10.12.12,0.3008181818181818,0.2202985774241156,0.0184241176152008,0,0.09917390153876673,Low
10.12.13,0.2305909090909091,0.12409696574512785,0.6156559087091432,1,0.419032331523537,Medium
10.12.14,0.0816785714285714,0.0,0.0251837558308605,0,0.0151102534985163,Low
10.12.15,0.328875,0.258732522284216,0.0099090174544534,0,0.10943841938635844,Low
10.12.16,0.185,0.06164375117294358,0.016344022378095,0,0.03446391389603443,Low
10.12.17,0.1371617647058823,0.0,0.8803837667844525,1,0.5282302600706715,Medium
10.13.0,0.3395535714285714,0.2733606822847796,0.6382834510737613,1,0.4923143435581686,Medium
10.13.1,0.12108,0.0,0.6587870999228044,1,0.3952722599536826,Low
10.13.2,0.1381911764705882,0.0,0.4354808780653669,0,0.2612885268392201,Low
10.13.3,0.2625882352941177,0.16792885940446337,0.952149963460944,1,0.6384615218383518,Medium
10.13.4,0.0833809523809523,0.0,0.0232039064144723,0,0.013922343848683379,Low
10.14.0,0.2096296296296296,0.09538292362562462,0.0044191489369644,0,0.04080465881242849,Low
10.14.1,0.2507037037037037,0.15164870144520856,0.1649958680497403,0,0.1596570014079276,Low
10.15.0,0.5839,0.6080813587926591,0.0437910955642097,0,0.2695072008555895,Low
10.15.1,0.1,0.0,0.913498862751167,1,0.5480993176507002,Medium
10.15.2,0.0824130434782608,0.0,0.0413081543931962,0,0.024784892635917717,Low
10.15.3,0.1122241379310344,0.0,0.0281859151836619,0,0.01691154911019714,Low
10.15.4,0.2057037037037037,0.09000495027226495,0.5728000852941556,1,0.37968203128539935,Low
10.15.5,0.0814583333333333,0.0,0.0149047561752204,0,0.00894285370513224,Low
10.15.6,1.2919,1.0,0.1015316507614731,0,0.4609189904568839,Medium
10.16.0,0.3731041666666666,0.31932033883058597,0.0099394260947124,0,0.13369179118906183,Low
10.17.0,0.07126,0.0,0.0363320338032289,0,0.02179922028193734,Low
10.17.1,0.1612448979591836,0.02910256007756644,0.9353153893569122,1,0.5728302576451739,Medium
10.18.0,0.4812173913043478,0.467420443676581,0.6722515102365694,1,0.590319083612574,Medium
10.18.1,0.2592321428571429,0.16333147880227958,0.3205364674470883,0,0.2576544719891648,Low
10.18.2,0.2692777777777778,0.17709260367832066,0.3621727811452075,0,0.2881407101584528,Low
10.18.3,0.291140625,0.2070416684360706,0.0163014457926032,0,0.09259753484999017,Low
10.18.4,0.1832307692307692,0.05922015069947738,0.6230890080951683,1,0.3975414651368919,Low
10.18.5,0.1765,0.04999993150694311,0.025542602762757,0,0.035325534260431446,Low
10.19.0,0.3316666666666666,0.26255671795883373,0.0137010420052875,0,0.113243312386706,Low
10.19.1,0.2301842105263157,0.12353984518694591,0.1133472974316788,0,0.11742431653378566,Low
10.19.2,0.5945555555555555,0.6226779902432401,0.0833512161721704,0,0.2990819258005983,Low
10.20.0,0.38658,0.33778035920498733,0.0543702148556982,0,0.16773427259541387,Low
10.20.1,0.4408666666666667,0.41214555413851034,0.0118604152531953,0,0.17197447080732134,Low
10.21.0,0.10095,0.0,0.0332314011322248,0,0.01993884067933488,Low
10.21.1,0.1808235294117647,0.05592256642355925,0.9374817915772576,1,0.5848581015157783,Medium
10.21.2,0.3471904761904762,0.28382218132643133,0.032510126157523,0,0.13303494822508632,Low
10.21.3,0.2031212121212121,0.0864672954163242,0.0202836050062772,0,0.046757081170296,Low
10.21.4,0.3294583333333333,0.25953160794756897,0.0097279111938427,0,0.10964938989533321,Low
10.22.0,0.55725,0.5715745594869048,0.8314256949384942,1,0.7274852407578585,High
10.22.1,0.4153076923076923,0.3771333084580601,0.0170004216915546,0,0.16105357639815682,Low
10.22.2,0.2016111111111111,0.08439866672937583,0.9279128585891476,1,0.5905071818452389,Medium
10.22.3,0.1075,0.0,0.0149839878159636,0,0.00899039268957816,Low
10.22.4,0.1738,0.04630130643656652,0.0320485091756248,0,0.037749628080001485,Low
10.22.5,0.1013333333333333,0.0,0.684593224445676,1,0.4107559346674056,Medium
10.23.0,0.23425,0.1291094121788874,0.1421157491415695,0,0.13691321435649667,Low
10.23.1,0.4177037037037037,0.3804155113536881,0.7606637350381281,1,0.6085644455643521,Medium
10.24.0,0.177537037037037,0.051420528241792794,0.2310028937395779,0,0.15916994754046387,Low
10.25.0,0.0904117647058823,0.0,0.0283119100121447,0,0.01698714600728682,Low
10.25.1,0.2373488372093023,0.13335438884234718,0.0071012886067774,0,0.05760252870100531,Low
10.25.2,0.1272241379310345,0.0,0.7594766534055286,1,0.45568599204331717,Medium
10.25.3,0.0095333333333333,0.0,0.5314090238742792,1,0.31884541432456753,Low
10.25.4,0.3113125,0.2346743360625533,0.0985089817359024,0,0.15297512346656278,Low
10.25.5,0.4136764705882353,0.37489876121845767,0.7117233043152854,1,0.5769934870765543,Medium
10.25.6,0.1260689655172414,0.0,0.1749702345925967,0,0.10498214075555802,Low
10.25.7,0.1474772727272727,0.010242825321160784,0.8920854967533843,1,0.5393484281804949,Medium
10.25.8,0.1077647058823529,0.0,0.7197749550521727,1,0.4318649730313036,Medium
10.25.9,0.5041458333333333,0.49882922534809304,0.0503103051226789,0,0.22971787321284456,Low
10.25.10,0.3989642857142857,0.35474511091667776,0.0154496757005534,0,0.15116784978700315,Low
10.25.11,0.34302,0.27810920806957795,0.0130009348476438,0,0.11904424413641745,Low
10.25.12,0.325974358974359,0.25475904687029055,0.9144530192728468,1,0.6505754303118243,High
10.25.13,0.2310967741935483,0.12478993068988711,0.0046478866819206,0,0.05270470428510721,Low
10.26.0,0.076375,0.0,0.0154976265714738,0,0.00929857594288428,Low
10.26.1,0.36125,0.30308177660030605,0.0104077966464637,0,0.12747738862800065,Low
10.26.2,0.1714482758620689,0.043079770934654725,0.8933594259910875,1,0.5532475639685144,Medium
10.27.0,0.4131136363636363,0.37412775648750657,0.1295719823610017,0,0.22739429201160366,Low
10.27.1,0.213015625,0.10002126709415463,0.0051290034080252,0,0.04308590888247697,Low
10.27.2,0.1683965517241379,0.03889933263671951,0.0218819040468433,0,0.028688875482793787,Low
10.27.3,0.3126041666666666,0.23644374003140628,0.0123829650640812,0,0.10200727505101123,Low
10.27.4,0.2539375,0.1560785533170502,0.0919262391063539,0,0.11758716479063243,Low
10.27.5,0.5128333333333333,0.510729893977314,0.5455143869139915,1,0.5316005897393205,Medium
10.27.6,0.1982037037037037,0.079730991743441,0.5097818767879436,1,0.3377615227701426,Low
10.27.7,0.224375,0.11558203344926922,0.6672023346590291,1,0.44655421417512514,Medium
10.27.8,0.3501875,0.2879276877702907,0.0167369480922364,0,0.12521324396345812,Low
10.27.9,0.0824038461538461,0.0,0.0256846632669283,0,0.015410797960156979,Low
10.27.10,0.3913,0.3442461037724605,0.1295719823610017,0,0.21544163092558524,Low
10.27.11,0.7217307692307693,0.7968903730690359,0.0274659682797908,0,0.33523573019548886,Low
10.27.12,0.1611428571428571,0.028962778328874995,0.0340693970271522,0,0.03202674954784132,Low
10.27.13,0.0173571428571428,0.0,0.9672863494008596,1,0.5803718096405157,Medium
10.27.14,0.0851666666666666,0.0,0.8144105756830451,1,0.48864634540982704,Medium
10.27.15,0.2508333333333333,0.15182627603706472,0.2791100963762484,0,0.2281965682405749,Low
10.27.16,0.1117333333333333,0.0,0.8246475017184698,1,0.49478850103108185,Medium
10.27.17,0.0957857142857143,0.0,0.0443256226668395,0,0.0265953736001037,Low
10.27.18,0.1643529411764706,0.03336014769359299,0.035105933155139,0,0.034407618970520595,Low
10.27.19,0.159,0.02602736160635395,0.7855335542097092,1,0.48173107716836705,Medium
10.27.20,0.1185588235294117,0.0,0.8007684842139953,1,0.48046109052839714,Medium
10.28.0,0.2129318181818182,0.09990646339089697,0.1583306327205371,0,0.13496096498868104,Low
10.28.1,0.1169270833333333,0.0,0.5131010368752331,1,0.30786062212513987,Low
10.28.2,0.4680833333333333,0.44942860808866464,0.0143541543483196,0,0.18838393584445762,Low
10.29.0,0.19185,0.07102729996260276,0.7523308138075437,1,0.4798094082695673,Medium
10.29.1,0.2398285714285714,0.13675128037985068,0.027449435724492,0,0.07117017358663547,Low
10.29.2,0.3028823529411765,0.223126205225988,0.0315244615647832,0,0.10816515902926513,Low
10.30.0,0.5793548387096774,0.6018551189788471,0.7328962977613797,1,0.6804798262483667,High
10.30.1,0.3007599999999999,0.22021887641249793,0.028528110512419,0,0.10520441687245058,Low
10.30.2,0.2573888888888889,0.16080647682522198,0.0043331031272931,0,0.06692245260646465,Low
10.30.3,0.164,0.032876667292236574,0.6663743454478394,1,0.41297527418559826,Medium
10.30.4,0.1984615384615384,0.08008418955801211,0.6602358293413079,1,0.42817517342798955,Medium
10.31.0,0.3434705882352941,0.27872645138197627,0.0267131613639469,0,0.12751847737115865,Low
10.31.1,0.1569782608695652,0.02325785974206226,0.6992976481032198,1,0.4288817327587568,Medium
10.31.2,0.1525999999999999,0.017260250328424057,0.690633464199446,1,0.42128417865103723,Medium
10.32.0,0.3298030303030303,0.26000379493045944,0.0089578067096205,0,0.10937620199795609,Low
10.32.1,0.10695,0.0,0.8339037784822086,1,0.5003422670893252,Medium
10.32.2,0.0893888888888888,0.0,0.9338663218503934,1,0.560319793110236,Medium
10.32.3,0.61925,0.6565059499918493,0.06775863743787,0,0.3032575624594617,Low
10.32.4,0.1583088235294117,0.025080545820364196,0.0262475293776356,0,0.02578073595472704,Low
10.32.5,0.3983913043478261,0.3539602060104385,0.0084911975956714,0,0.14667880096157823,Low
10.32.6,0.2885857142857143,0.20354179553961468,0.9497120069258124,1,0.6512439223713332,High
10.33.0,0.2683378378378378,0.1758050164833169,0.3155904509212551,0,0.2596762771460798,Low
10.34.0,0.3414411764705882,0.2759464390741769,0.0129731693983139,0,0.1181624772686591,Low
10.34.1,0.2036551724137931,0.08719874686992633,0.7377616078022964,1,0.47753646342934836,Medium
10.35.0,0.035984375,0.0,0.0168252469606685,0,0.0100951481764011,Low
10.36.0,1.84525,1.0,0.1059954305930962,0,0.46359725835585774,Medium
10.36.1,0.1536785714285714,0.018737743412093097,0.7396401543900214,1,0.45127918999885,Medium
10.36.2,0.0637560975609756,0.0,0.6431240173182877,1,0.38587441039097264,Low
10.37.0,0.38455,0.334999541096519,0.0113081382085054,0,0.14078469936371085,Low
10.37.1,0.3388461538461538,0.27239161843087034,0.974278195025835,1,0.6935235643878491,High
10.37.2,0.0683,0.0,0.0336345130960607,0,0.02018070785763642,Low
10.38.0,0.2229,0.11356148827193384,0.2817669588032029,0,0.2144847705906953,Low
10.38.1,0.0463448275862068,0.0,0.9109333727387624,1,0.5465600236432574,Medium
10.38.2,0.11692,0.0,0.7908080240800082,1,0.4744848144480049,Medium
10.38.3,0.2793571428571429,0.19089993418795714,0.7999792290550889,1,0.5563475111082362,Medium
10.38.4,0.2109125,0.09714027789003027,0.1473138383871928,0,0.1272444141883278,Low
10.38.5,0.286,0.19999972602777252,0.5925962229688029,1,0.4355576241923907,Medium
10.38.6,0.172195652173913,0.04410357269909628,0.7869372675200497,1,0.48980378959166826,Medium
10.38.7,0.2094166666666667,0.09509119393900375,0.9166414283536416,1,0.5880213345877864,Medium
10.39.0,0.1032592592592592,0.0,0.0282665511916622,0,0.01695993071499732,Low
10.39.1,0.1516111111111111,0.01590560987054963,0.0344291620351853,0,0.02701974116933103,Low
10.40.0,0.3961052631578947,0.3508286470263666,0.96343028884385,1,0.7183896321168566,High
10.40.1,0.3993181818181818,0.3552298994360032,0.0360265386081431,0,0.16370788293928715,Low
10.40.2,0.2671969696969697,0.17424218555449883,0.0559199919791604,0,0.10324886940929577,Low
10.40.3,0.1036428571428571,0.0,0.9355351899035448,1,0.5613211139421268,Medium
10.40.4,0.867125,0.9960602793694804,0.1417300349328043,0,0.4834621327074748,Medium
10.40.5,0.4507368421052631,0.4256663238889578,0.9431682633985484,1,0.7361674875947122,High
10.40.6,0.3423958333333333,0.2772541864097902,0.0215071138514951,0,0.12380594287481314,Low
10.40.7,0.1322115384615384,0.0,0.6567748951258546,1,0.39406493707551277,Low
10.40.8,0.2191333333333333,0.10840167798856888,0.0509494720021573,0,0.07393035439672194,Low
10.40.9,0.2212272727272727,0.11127008418792943,0.0102834988993496,0,0.05067813301478154,Low
10.41.0,0.1226363636363636,0.0,0.9190924866094222,1,0.5514554919656534,Medium
10.41.1,0.4138484848484848,0.3751343968686136,0.0251585092652334,0,0.16514886430658549,Low
10.41.2,0.2225,0.11301354381706324,0.0661115090394191,0,0.08487232295047677,Low
10.41.3,0.16468,0.03380817286551659,0.0589705330818664,0,0.048905588995326474,Low
10.41.4,0.3979285714285714,0.35332632616745924,0.0155040757045938,0,0.15063297588974,Low
10.41.5,0.2803260869565217,0.19222725305379268,0.0163054696530188,0,0.08667418301332835,Low
10.41.6,0.22528125,0.11682347010483543,0.164657553075208,0,0.14552391988705898,Low
10.41.7,0.3665111111111111,0.31028876824978474,0.056838694877744,0,0.1582187242265603,Low
10.41.8,0.1786527777777777,0.05294893812169802,0.8952608376436012,1,0.5583360778348399,Medium
10.41.9,0.2041875,0.08792796174251813,0.0266855827404515,0,0.05118253434127815,Low
10.42.0,0.2993125,0.218236002416435,0.0242911197012569,0,0.10186907278732815,Low
10.42.1,0.18590625,0.0628851878285098,0.6955673363758001,1,0.44249447695688404,Medium
10.42.2,0.2610588235294118,0.1658337776652522,0.0050298116125435,0,0.06935139803362698,Low
10.43.0,0.1761086956521739,0.049463898888047954,0.0199225031835981,0,0.03173906146537804,Low
10.43.1,0.0714827586206896,0.0,0.6292262851529324,1,0.37753577109175945,Low
10.44.0,0.2548157894736842,0.15728168793424147,0.0074888960515963,0,0.06740601280465437,Low
10.45.0,0.3393333333333333,0.27305898667718714,0.0098179046552608,0,0.11511433746403134,Low
10.45.1,0.2376842105263157,0.1338138037157698,0.401645949356726,0,0.2945130911003435,Low
10.46.0,0.414625,0.376198114797103,0.0143001702546438,0,0.1590593480716275,Low
10.46.1,0.0882592592592592,0.0,0.6144452137919808,1,0.3686671282751885,Low
10.46.2,0.2422,0.13999980821944077,0.3768789605431765,0,0.2821272996136822,Low
10.46.3,0.7291,0.8069851959106905,0.1028569814743171,0,0.38450826724886644,Low
10.46.4,0.0618529411764705,0.0,0.0343541654455131,0,0.02061249926730786,Low
10.46.5,0.3736363636363636,0.320049374776697,0.9574437873331616,1,0.7024860223105757,High
10.47.0,0.2215151515151515,0.1116644381516621,0.0150594442258985,0,0.05370144179620394,Low
10.47.1,0.1280869565217391,0.0,0.0578931143149848,0,0.03473586858899088,Low
10.48.0,0.4650625,0.44529048590344394,0.0115779408383948,0,0.18506295886441448,Low
10.49.0,0.3504318181818182,0.28826236975266906,0.6420812959314913,1,0.5005537254599625,Medium
10.49.1,0.2891607142857142,0.2043294656934911,0.4706433058450211,0,0.36411776978440913,Low
10.49.2,0.40996875,0.3698196988771248,0.0315961907099647,0,0.16688559397682876,Low
10.49.3,0.1610217391304347,0.028796863470645483,0.7091729283609484,1,0.4370225024048272,Medium
10.49.4,0.3077758620689655,0.2298296332045648,0.5365385852280248,1,0.41385500441864076,Medium
10.50.0,0.3478703703703704,0.28475354194086083,0.8018099706734888,1,0.5949873991804376,Medium
10.50.1,0.13156,0.0,0.0262383391763486,0,0.015743003505809157,Low
10.50.2,0.054,0.0,0.0222652383870792,0,0.013359143032247521,Low
10.50.3,0.2613448275862068,0.16622556350773052,0.0858290885924617,0,0.11798767855856923,Low
10.50.4,0.1096413043478261,0.0,0.034454012457886,0,0.020672407474731598,Low
10.50.5,0.5325588235294118,0.5377510764086785,0.0223257387366737,0,0.22849587380547562,Low
10.50.6,0.1475652173913043,0.0103632972986397,0.8096799393556693,1,0.4899532825328574,Medium
10.51.0,0.26865625,0.17624119692986717,0.968722147697802,1,0.651729767390628,High
10.51.1,2.4006666666666665,1.0,0.9714638358931956,1,0.9828783015359174,Critical
10.52.0,0.2662368421052631,0.17292694407988907,0.0312634147031674,0,0.08792882645385607,Low
10.52.1,0.32275,0.2503421228190098,0.5434627927798155,1,0.42621452479549315,Medium
10.52.2,0.1029651162790697,0.0,0.9225101548859216,1,0.553506092931553,Medium
10.52.3,0.16846875,0.03899823424899416,0.7594694887470087,1,0.47128098694780285,Medium
10.52.4,0.1491724137931034,0.012564933189274232,0.9000485818659905,1,0.5450551223953038,Medium
10.52.5,0.2622727272727272,0.1674966572274931,0.0566940991550205,0,0.10101512238400955,Low
10.52.6,0.1905465116279069,0.06924170189891093,0.9146582890188818,1,0.5764916541708934,Medium
10.52.7,0.2534444444444444,0.15540313567302566,0.0153409079288318,0,0.07136579902650934,Low
10.53.0,0.1606,0.028219139425836374,0.7783579013573826,1,0.47830239658476403,Medium
10.53.1,0.4038571428571428,0.3614476457664343,0.0114345651088989,0,0.15143979737191307,Low
10.53.2,0.1246578947368421,0.0,0.7246474532366842,1,0.43478847194201053,Medium
10.53.3,0.355,0.2945201444929527,0.8966675349067565,1,0.655808578741235,High
10.53.4,0.0558513513513513,0.0,0.0249340124222175,0,0.014960407453330498,Low
10.53.5,0.17698,0.050657464852787853,0.501541181767501,1,0.3211876950016157,Low
10.53.6,0.33072,0.26125991608230675,0.1065990924964698,0,0.16846342193080457,Low
10.53.7,0.2000749999999999,0.08229440781587953,0.8684847292037041,1,0.5540086006485743,Medium
10.54.0,0.4391451612903225,0.409787330826016,0.0077712153052084,0,0.16857766151353146,Low
10.54.1,0.2877884615384615,0.2024496699846459,0.3441307269539368,0,0.2874583041662204,Low
10.54.2,0.1630166666666666,0.03152963717401288,0.7652941948243024,1,0.47178837176418653,Medium
10.55.0,0.5099444444444444,0.5067725173588041,0.0404017826245737,0,0.2269500765182659,Low
10.55.1,0.2179594594594594,0.1067936337888022,0.1835050836726073,0,0.15282050371908526,Low
10.55.2,0.2634125,0.1690579875917978,0.3445282038551305,0,0.2743401173497974,Low
10.55.3,0.3251346153846153,0.2536087147615076,0.010661142359702,0,0.10784017132042424,Low
10.55.4,0.14,0.0,0.8212932785362831,1,0.49277596712176985,Medium
10.55.5,0.1564404761904762,0.0225211694100093,0.3845276093510751,0,0.23972503337464876,Low
10.55.6,0.2929516129032258,0.20952247038459643,0.0056000204933745,0,0.08716900044986328,Low
10.55.7,0.1423421052631578,0.0032083589791764454,0.0389533807135997,0,0.024655372019830396,Low
10.55.8,0.1564285714285714,0.02250486153932854,0.6960725787775449,1,0.4266454918822583,Medium
10.55.9,0.2977857142857142,0.2161445180016386,0.026057333957015,0,0.10209220757486445,Low
10.55.10,0.3327045454545455,0.26397846777544887,0.1015854526131202,0,0.16654265867805168,Low
10.55.11,0.1180625,0.0,0.0329068797182412,0,0.01974412783094472,Low
10.55.12,0.2685609756097561,0.1761106842453039,0.4469289235753632,0,0.33860162784333947,Low
10.55.13,0.1787727272727272,0.053113252273253295,0.954513050231962,1,0.5939531310484785,Medium
10.55.14,0.4744285714285714,0.45812070316146336,0.0554019194444613,0,0.21648943293126216,Low
10.55.15,0.1431666666666666,0.004337893601058896,0.9522498713455656,1,0.5730850802477628,Medium
10.55.16,1.010625,1.0,0.0220744316522563,0,0.4132446589913538,Medium
10.55.17,0.1395833333333333,0.0,0.8003799745735741,1,0.48022798474414446,Medium
10.56.0,0.558625,0.5734581185505225,0.7272303944568721,1,0.6657214840943323,High
10.56.1,0.4865,0.47465688403166567,0.0493655432251511,0,0.21948207954775692,Low
10.56.2,0.0616666666666666,0.0,0.8516862608243948,1,0.5110117564946368,Medium
10.57.0,0.2420882352941176,0.1398467060923445,0.0084890951675363,0,0.06103213953745959,Low
10.58.0,0.0547105263157894,0.0,0.918483869330948,1,0.5510903215985689,Medium
10.59.0,0.3353823529411764,0.26764669218422493,0.0811234124684958,0,0.15573272435478747,Low
10.59.1,0.4251304347826087,0.39058910163494115,0.7085472554117114,1,0.5813639939010032,Medium
10.59.2,0.2563928571428571,0.15944205164493894,0.0470750975845788,0,0.09202187920872285,Low
10.60.0,0.0846931818181818,0.0,0.9081870338628858,1,0.5449122203177315,Medium
10.60.1,0.13486,0.0,0.7090389198275503,1,0.4254233518965302,Medium
10.60.2,0.1047222222222222,0.0,0.0438748002627444,0,0.02632488015764664,Low
10.60.3,0.1148518518518518,0.0,0.8845516076281966,1,0.5307309645769179,Medium
10.60.4,0.2431739130434782,0.1413339338486909,0.004702240355955,0,0.05935491775304936,Low
10.60.5,0.1905227272727272,0.06920912063507748,0.7080945432465044,1,0.4525403742019336,Medium
10.60.6,0.3508157894736842,0.2887883571031878,0.0167934269551402,0,0.12559139901435926,Low
10.60.7,0.3403684210526315,0.2744769131174224,0.0177585299126456,0,0.12044588319455632,Low
10.60.8,0.3849444444444445,0.3355398752117387,0.8521522965818786,1,0.6455073280338226,Medium
10.60.9,0.1643157894736842,0.03330925501976597,0.6599322957480581,1,0.40928307945674125,Medium
10.60.10,0.1583333333333333,0.025114120848236214,0.8432792337744777,1,0.516013188603981,Medium
10.60.11,0.1342321428571428,0.0,0.0177941630831331,0,0.01067649784987986,Low
10.60.12,0.1261739130434782,0.0,0.4874218948863562,0,0.2924531369318137,Low
10.60.13,0.0893333333333333,0.0,0.056124336196399,0,0.0336746017178394,Low
10.61.0,0.2947352941176471,0.211965865961344,0.0085233648058213,0,0.08990036526803039,Low
10.61.1,0.2941,0.21109560123890236,0.0117666341613869,0,0.09149822099239309,Low
10.62.0,0.1806944444444444,0.055745737943433495,0.9485335812461244,1,0.5914184439250479,Medium
10.62.1,0.2274642857142857,0.11981392589090382,0.0987462528911114,0,0.10717332209102837,Low
10.62.2,0.1503536585365853,0.014183074456864158,0.0343541654455131,0,0.026285729050053525,Low
10.62.3,0.1991060606060606,0.08096709539584271,0.9160840960683692,1,0.5820372957993586,Medium
10.62.4,0.10316,0.0,0.2925550070557255,0,0.1755330042334353,Low
10.62.5,0.3531875,0.29203727118182027,0.1537643953093111,0,0.20907354565831476,Low
10.62.6,0.2528571428571428,0.15459861405277905,0.0378030358491481,0,0.08452126713060049,Low
10.62.7,0.117695652173913,0.0,0.0254292603862219,0,0.01525755623173314,Low
10.62.8,0.1189411764705882,0.0,0.7954594280633289,1,0.47727565683799733,Medium
10.62.9,0.2163863636363636,0.10463871095568854,0.5193835890715781,1,0.3534856378252223,Low
10.63.0,0.3088181818181818,0.2312574665215278,0.0064480387439968,0,0.09637180985500919,Low
10.64.0,0.1677666666666666,0.03803647757560137,0.0132347854935177,0,0.02315546232635117,Low
10.65.0,0.3953055555555555,0.3497331586608176,0.01517967387236,0,0.14900106778774302,Low
10.65.1,0.26005,0.16445182951804174,0.5212744449612969,1,0.37854539878399485,Low
10.65.2,0.21008,0.0959998684933308,0.4307771841724013,0,0.2968662579007731,Low
10.65.3,0.059,0.0,0.0368446904550148,0,0.022106814273008882,Low
10.65.4,0.1626818181818181,0.031070941247776485,0.3226918840834736,0,0.20604350694919477,Low
10.65.5,0.4064666666666667,0.3650223310196379,0.0154966859012768,0,0.1553069439486212,Low
10.66.0,0.2266052631578947,0.11863718427494577,0.1244526977229203,0,0.12212649234373048,Low
10.66.1,0.133671875,0.0,0.0265897384055106,0,0.015953843043306357,Low
10.66.2,0.12276,0.0,0.0144514660862118,0,0.00867087965172708,Low
10.66.3,0.1825,0.058219098330002265,0.8717041547405049,1,0.5463101321763039,Medium
10.66.4,0.3313611111111111,0.26213814927802986,0.2511249675387298,0,0.2555302402344498,Low
10.66.5,0.2146666666666666,0.10228296490918036,0.0033398924826629,0,0.04291712145326989,Low
10.67.0,0.2225625,0.11309916013813677,0.0305630348933434,0,0.06357748499126074,Low
10.67.1,0.3156599999999999,0.2406298073564281,0.0190321823428741,0,0.1076712323482957,Low
10.68.0,0.1457903225806451,0.00793193787494137,0.0165689490499247,0,0.013114144579931366,Low
10.68.1,0.55825,0.5729444206240814,0.0267103013745555,0,0.24520394907436585,Low
10.68.2,0.4143055555555555,0.3757605202671715,0.0194813270425635,0,0.1619930043324067,Low
10.69.0,0.20024,0.08252043490351381,0.0137557480360565,0,0.04126162278303942,Low
10.69.1,0.1563428571428571,0.022387444870427677,0.8715477832669913,1,0.5318836479083658,Medium
10.69.2,0.2994736842105263,0.21845680240236146,0.0184283938942044,0,0.09843975729746722,Low
10.69.3,0.1814833333333333,0.05682640617387276,0.8552521050802514,1,0.5358818255176999,Medium
10.69.4,0.1563461538461538,0.022391960896154646,0.7755401159550535,1,0.47428085393149394,Medium
10.69.5,0.3007666666666666,0.22022800882007917,0.0168337643236782,0,0.0981914621222386,Low
10.69.6,0.3919090909090909,0.3450804737378317,0.0124559835533869,0,0.14550577962716482,Low
10.69.7,0.4519107142857143,0.42727436576897054,0.0263489882670622,0,0.18671913926782555,Low
10.70.0,0.3342222222222222,0.2660574741982849,0.0624560742638379,0,0.1438966342376167,Low
10.70.1,0.08794,0.0,0.7243108320038345,1,0.4345864992023007,Medium
10.70.2,0.2428478260869565,0.1408872399996116,0.0061601161181543,0,0.06005096567073723,Low
10.70.3,0.3404285714285714,0.27455931077980905,0.2818684145545254,0,0.2789447730446388,Low
10.71.0,0.4026499999999999,0.359794027679414,0.9197690765641856,1,0.695779057010277,High
10.71.1,0.1847857142857142,0.06135020950069134,0.9199674133200202,1,0.5765205317922886,Medium
10.71.2,0.25775,0.1613011489025357,0.0131211435937378,0,0.07239314571725695,Low
10.71.3,0.2511212121212121,0.15222063000079736,0.0383618596990637,0,0.08390536781975716,Low
10.71.4,0.2557380952380952,0.15854511875750196,0.5613156962070904,1,0.40020746522725503,Medium
10.71.5,0.540375,0.548458152797051,0.0558846635792425,0,0.2529140592663659,Low
10.71.6,0.2875357142857143,0.20210344134557934,0.1703000716007011,0,0.18302141949865242,Low
10.71.7,0.2314599999999999,0.12528749960616475,0.004275653929167,0,0.052680392199966106,Low
10.71.8,0.4331829268292683,0.40161989754708316,0.0508665165326515,0,0.19116786893842416,Low
10.71.9,0.1979545454545454,0.07938967954091213,0.5156059606973612,1,0.3411194482347816,Low
10.71.10,2.27025,1.0,0.0214996241227876,0,0.4128997744736726,Medium
10.72.0,0.60535,0.6374648801850957,0.0711810236771896,0,0.29769456628035207,Low
10.72.1,0.1072916666666666,0.0,0.8423494357975313,1,0.5054096614785187,Medium
10.72.2,0.2723709677419355,0.18132984440012473,0.96281765829009,1,0.6502225327341038,High
10.72.3,0.2357872340425532,0.13121520935252579,0.0044176373969435,0,0.05513666617917642,Low
10.72.4,0.311525,0.23496543155420332,0.1594967871150446,0,0.18968424489070812,Low
10.72.5,0.23971875,0.13660084027282154,0.9055764995382688,1,0.5979862358320899,Medium
10.72.6,0.16344,0.032109545055417715,0.7963536734264057,1,0.4906560220780105,Medium
10.72.7,0.23185,0.12582174544966374,0.0298937822246396,0,0.06826496751464925,Low
10.73.0,0.1250857142857143,0.0,0.8093914735817467,1,0.485634884149048,Medium
10.73.1,0.2286052631578947,0.12137690654929882,0.1797784215237106,0,0.15641781553394588,Low
10.73.2,0.2356136363636364,0.1309774046386736,0.6944083670772675,1,0.4690359821018299,Medium
10.74.0,0.3078999999999999,0.2299996849319383,0.0090877406437654,0,0.09745251835903455,Low
10.74.1,0.20646875,0.0910529574617021,0.5519582623428392,1,0.36759614039038435,Low
10.74.2,0.2663999999999999,0.17315044773911256,0.5111720172299071,1,0.3759633894335893,Low
10.74.3,0.1948448275862069,0.07512979788549176,0.7118589145275452,1,0.4571672678707238,Medium
10.74.4,0.1186744186046511,0.0,0.8313353790940177,1,0.4988012274564106,Medium
10.74.5,0.2375714285714285,0.13365930809879503,0.0273286083931121,0,0.06986088827538528,Low
10.74.6,0.0857307692307692,0.0,0.2514434108889354,0,0.15086604653336125,Low
10.74.7,0.5100185185185184,0.5068739885541504,0.1292048360627363,0,0.28027249705930196,Low
10.74.8,0.1378461538461538,0.0,0.8845516076281966,1,0.5307309645769179,Medium
10.74.9,0.2988846153846153,0.2176498599106238,0.1292419746616314,0,0.16460512876122835,Low
10.74.10,0.116140625,0.0,0.0187486536325041,0,0.011249192179502461,Low
10.74.11,0.7610588235294117,0.8507643462535143,0.0753985898638132,0,0.38554489241969364,Low
10.74.12,0.8339655172413794,0.9506363926095709,0.1326904659437511,0,0.45986883661007905,Medium
10.74.13,0.1596624999999999,0.026934894609733258,0.111562657613839,0,0.0777115524121967,Low
10.74.14,0.1425263157894737,0.003460701820235427,0.871570694407265,1,0.5243266973724531,Medium
10.74.15,0.4912666666666666,0.481186555452207,0.0417116183315054,0,0.21750159317978607,Low
10.74.16,0.5090217391304348,0.5055085392080761,0.7406287500444324,1,0.6465806657098899,Medium
10.74.17,0.12312,0.0,0.0565940902252908,0,0.03395645413517448,Low
10.74.18,0.0475142857142857,0.0,0.8864854304375183,1,0.5318912582625109,Medium
10.74.19,0.197195652173913,0.07835010112850939,0.9210825481263676,1,0.5839895693272242,Medium
10.75.0,0.104,0.0,0.1224394812406843,0,0.07346368874441057,Low
10.75.1,0.2540357142857142,0.15621309325016566,0.0452016509541171,0,0.08960622787253653,Low
10.75.2,0.62125,0.6592456722662023,0.0936991475188979,0,0.3199177574178197,Low
10.75.3,0.2116666666666666,0.09817338149765079,0.1701793346025444,0,0.14137695336058695,Low
10.75.4,0.055,0.0,0.0371108378766028,0,0.022266502725961677,Low
10.76.0,0.1060681818181818,0.0,0.8283642283503797,1,0.4970185370102278,Medium
10.77.0,0.5431111111111111,0.5522062450751589,0.9775936682838406,1,0.8074386990003679,High
10.77.1,0.28275,0.19554767733194883,0.0134529032664895,0,0.08629081289267324,Low
10.77.2,0.2781875,0.18929768589358092,0.0111582651906041,0,0.08241403347179484,Low
10.78.0,0.4199767441860465,0.3835292611736785,0.3637647788834993,0,0.37167057179957097,Low
10.78.1,0.2021944444444444,0.08519775239272875,0.8647895488500155,1,0.5529528302671008,Medium
10.79.0,0.1464318181818182,0.008810697768658095,0.0326295717231047,0,0.023102022141326055,Low
10.79.1,0.241076923076923,0.13846134878845778,0.3771494307892699,0,0.28167419798894505,Low
10.80.0,0.10481,0.0,0.030619240784004,0,0.018371544470402398,Low
10.80.1,0.19662,0.07756153758693478,0.8294897442607743,1,0.5287184615912385,Medium
10.80.2,0.2451153846153846,0.14399348030397846,0.6163826377560727,1,0.427426974775235,Medium
10.81.0,0.1574347826086956,0.023883231130773213,0.9177332978723992,1,0.5601932711757488,Medium
10.81.1,0.1879791666666667,0.06572479581078201,0.0520950239305302,0,0.057546932682630926,Low
10.82.0,0.2997631578947369,0.2188533411525969,0.1627625522799553,0,0.18519886782901196,Low
10.82.1,0.1530227272727272,0.0178393279909578,0.0588545916960625,0,0.042448486214020614,Low
10.82.2,0.217875,0.10667793605762184,0.0101779174134128,0,0.04877792487109642,Low
10.83.0,0.0489189189189189,0.0,0.8384612835921259,1,0.5030767701552755,Medium
10.84.0,0.586375,0.611471765107171,0.0419148330384391,0,0.2697376058659319,Low
10.84.1,0.4583,0.4360267999632877,0.0190262931503589,0,0.18582649587553043,Low
10.84.2,0.088235294117647,0.0,0.9209973874469332,1,0.5525984324681599,Medium
10.85.0,0.1769411764705882,0.05060428200863862,0.7036743946291218,1,0.44244634958092854,Medium
10.85.1,0.1772837837837838,0.0510736064522977,0.0607576908735456,0,0.05688405710504644,Low
10.86.0,0.28,0.19178055920471343,0.0265862154934463,0,0.09266395297795316,Low
10.87.0,0.3260384615384615,0.25484685848164795,0.0054521830812534,0,0.10521005324141122,Low
10.87.1,0.1992631578947368,0.08118229686635607,0.5654073380021567,1,0.37171732154783643,Low
10.87.2,0.0644827586206896,0.0,0.8003799745735741,1,0.48022798474414446,Medium
10.87.3,0.1947272727272727,0.07496876405275155,0.6952328133231434,1,0.44712719361498665,Medium
10.87.4,0.3407857142857143,0.2750485469002293,0.010910944213042,0,0.11656598528791692,Low
10.87.5,0.1136666666666666,0.0,0.9109783320870108,1,0.5465869992522064,Medium
10.87.6,0.144875,0.0066780730437355435,0.7594766534055286,1,0.4583572212608114,Medium
10.88.0,0.1355166666666666,0.0,0.0525596065849385,0,0.0315357639509631,Low
10.89.0,0.2656904761904762,0.17217849864654458,0.5289458356417894,1,0.3862389008436915,Low
10.89.1,0.1836964285714285,0.059858039333409815,0.663725673182559,1,0.4221786196428994,Medium
10.89.2,0.9274166666666668,1.0,0.0168562080191783,0,0.410113724811507,Medium
10.89.3,0.1926842105263158,0.07217005254282635,0.3939156270719959,0,0.26521739726032806,Low
10.89.4,0.1921999999999999,0.07150675136061442,0.1530481060857486,0,0.12043156419569492,Low
10.89.5,0.0848888888888888,0.0,0.8718273919523887,1,0.5230964351714332,Medium
10.89.6,0.215,0.1027395852882393,0.0048240447446178,0,0.0439902609620664,Low
10.89.7,1.916125,1.0,0.0753985898638132,0,0.44523915391828794,Medium
10.89.8,0.1497073170731707,0.013297676404786685,0.0254893977048004,0,0.020612709184794912,Low
10.89.9,0.4245,0.38972549352672115,0.8265244983250354,1,0.6518048964057097,High
10.89.10,0.1331964285714285,0.0,0.1005411323267577,0,0.06032467939605461,Low
10.89.11,0.1402115384615384,0.00028977831747952973,0.143483755446277,0,0.08620616459475802,Low
10.90.0,0.1465769230769231,0.009009471325276392,0.9103307600583856,1,0.5498022445651419,Medium
10.90.1,0.0552857142857142,0.0,0.684593224445676,1,0.4107559346674056,Medium
10.90.2,0.3781428571428571,0.3262226450961808,0.0118117646146063,0,0.1375761168072361,Low
10.90.3,0.1451923076923076,0.007112740519954876,0.4982453119966276,0,0.3017922834059585,Low
10.90.4,0.1028695652173913,0.0,0.8096799393556693,1,0.48580796361340156,Medium
10.91.0,0.0583157894736842,0.0,0.044868483448757,0,0.026921090069254198,Low
10.91.1,0.0919411764705882,0.0,0.8864854304375183,1,0.5318912582625109,Medium
10.91.2,0.1416730769230769,0.0022918830564299065,0.8209776724025849,1,0.49350335666412287,Medium
10.91.3,0.2313,0.12506832182421668,0.0562194116460543,0,0.08375897571731925,Low
10.91.4,0.1066571428571428,0.0,0.6193492219364695,1,0.37160953316188167,Low
10.92.0,0.0858620689655172,0.0,0.9218372267314968,1,0.553102336038898,Medium
10.92.1,0.4611111111111111,0.4398776318266839,0.0119466901921514,0,0.1831190668459644,Low
10.92.2,0.0906470588235294,0.0,0.1077022613268332,0,0.06462135679609993,Low
10.92.3,0.9021666666666668,1.0,0.0385172825946348,0,0.4231103695567809,Medium
10.93.0,0.1295833333333333,0.0,0.0343541654455131,0,0.02061249926730786,Low
10.94.0,0.1461666666666666,0.008447477012588474,0.849054186588133,1,0.5128115027579151,Medium
10.94.1,0.3685588235294117,0.31309384991172845,0.012369420843003,0,0.13265919247049318,Low
10.94.2,0.3858333333333333,0.33675752955589555,0.013874574263803,0,0.14302775638064003,Low
10.94.3,0.2327,0.12698612741626378,0.3983426301442647,0,0.28980002905306435,Low
10.94.4,0.1647666666666666,0.0339268941640718,0.5719661909318312,1,0.35675047222472744,Low
10.94.5,0.0938714285714285,0.0,0.6567748951258546,1,0.39406493707551277,Low
10.94.6,0.2514137931034482,0.15262142531783954,0.0045710802068257,0,0.06379121825123124,Low
10.94.7,0.204,0.08767111277929752,0.0400213958278134,0,0.05908128260840705,Low
10.94.8,0.3208947368421052,0.2478006699197743,0.012452311876876,0,0.10659165509403534,Low
10.94.9,0.0944230769230769,0.0,0.8096799393556693,1,0.48580796361340156,Medium
10.95.0,0.0673888888888888,0.0,0.0297444524581108,0,0.01784667147486648,Low
10.96.0,0.1096764705882352,0.0,0.8197132392890454,1,0.4918279435734272,Medium
10.96.1,0.2770416666666666,0.18772805334056605,0.0110144529253214,0,0.08169989309141926,Low
10.96.2,0.0921428571428571,0.0,0.7645584220903959,1,0.4587350532542375,Medium
10.96.3,0.116515625,0.0,0.8635606470058271,1,0.5181363882034963,Medium
10.96.4,0.1587631578947368,0.02570292081070682,0.3135319526520464,0,0.19840033991551057,Low
10.96.5,0.1412096774193548,0.0016570900852941205,0.916984507149374,1,0.550853540323742,Medium
10.97.0,0.2311111111111111,0.1248095702760833,0.4211633018471306,0,0.3026218092187117,Low
10.98.0,0.1479583333333333,0.01090181155002978,0.3999645593281724,0,0.24433946021691533,Low
10.98.1,0.0992741935483871,0.0,0.5809053855954263,1,0.34854323135725573,Low
10.98.2,0.4514821428571429,0.42668728242446635,0.0748449633060925,0,0.21558189095344205,Low
10.98.3,0.3057419354838709,0.22704343621977352,0.236744002694605,0,0.2328637761046724,Low
10.98.4,0.1752727272727272,0.04831873829313546,0.7917300325214187,1,0.4943655148301054,Medium
10.98.5,0.1070862068965517,0.0,0.9057616820736744,1,0.5434570092442046,Medium
10.99.0,0.1255689655172414,0.0,0.0237353323337257,0,0.01424119940023542,Low
10.99.1,0.251074074074074,0.1521560574219405,0.0771110197620689,0,0.10712903482601754,Low
10.99.2,0.094,0.0,0.9378802082921314,1,0.5627281249752788,Medium
10.99.3,0.0847857142857142,0.0,0.922028993279357,1,0.5532173959676141,Medium
10.99.4,0.2896041666666666,0.20493693387634618,0.0115496862772115,0,0.08890458531686538,Low
10.99.5,0.1697096774193548,0.04069813249482506,0.7897751759268792,1,0.4901443585540575,Medium
10.100.0,0.2632647058823529,0.16885553017372973,0.3580831416230268,0,0.282392097043308,Low
10.100.1,0.109578947368421,0.0,0.5809053855954263,1,0.34854323135725573,Low
10.101.0,0.2449,0.1436984332898174,0.4153067839027502,0,0.3066634436575771,Low
10.101.1,0.1398571428571428,0.0,0.0679095366048741,0,0.04074572196292446,Low
10.102.0,0.1416891891891891,0.0023139546236088564,0.941376157330176,1,0.5657512762475492,Medium
10.102.1,0.21290625,0.09987143853227595,0.8306753888413722,1,0.5383538087177336,Medium
10.102.2,0.1145,0.0,0.5334839315853477,1,0.3200903589512086,Low
10.102.3,0.3984807692307692,0.35408276047672427,0.0254158321782314,0,0.15688260349762856,Low
10.102.4,0.1780925925925926,0.05218156220689094,0.9516363439112367,1,0.5918544312294984,Medium
10.103.0,0.1736969696969696,0.04616016922849364,0.0257382258288929,0,0.033907003188733194,Low
10.103.1,0.30806,0.23021886271388667,0.032466710341393,0,0.11156757129039047,Low
10.103.2,0.2428142857142857,0.14084129434656348,0.0073370720420123,0,0.06073876096383277,Low
10.103.3,0.1568684210526315,0.02310739444553018,0.0247742173137507,0,0.024107488166462493,Low
10.103.4,0.0701025641025641,0.0,0.0421433988028112,0,0.02528603928168672,Low
10.103.5,0.242,0.13972583599200547,0.0739507488439471,0,0.10026078370317046,Low
10.103.6,0.1111666666666666,0.0,0.0363822258133501,0,0.021829335488010058,Low
10.103.7,0.08145,0.0,0.5063329306835074,1,0.3037997584101044,Low
10.103.8,0.2858636363636364,0.19981292678179394,0.0123682958551835,0,0.08734614822582769,Low
10.104.0,0.3256071428571429,0.25425601178237134,0.0122679791578936,0,0.1090631922076847,Low
10.105.0,0.2266470588235294,0.11869443853300116,0.0156017210340112,0,0.05683880803360719,Low
10.105.1,0.1425833333333333,0.003538807937705974,0.0870676181508346,0,0.053656094065583144,Low
10.105.2,0.1521111111111111,0.01659054043913789,0.9672877426621754,1,0.5870088617729604,Medium
10.105.3,0.1445588235294117,0.006244955184187006,0.0255618620419166,0,0.01783509929882476,Low
10.105.4,0.21475,0.10239712000394517,0.0035242090248886,0,0.043073373416511226,Low
10.105.5,0.5886538461538462,0.6145934678909292,0.1065574079270666,0,0.30977183191261165,Low
10.105.6,0.113125,0.0,0.7830459448721403,1,0.46982756692328415,Medium
10.105.7,0.5511346153846154,0.5631973317634023,0.0222717113734063,0,0.2386419595294047,Low
10.105.8,0.3633103448275862,0.30590416290879896,0.0135621807286761,0,0.13049897360072527,Low
10.105.9,0.2007777777777777,0.08325711578172863,0.0196970882591964,0,0.04512109926820929,Low
10.106.0,0.0993421052631578,0.0,0.6257315513904226,1,0.37543893083425356,Low
10.107.0,0.1556111111111111,0.021385054419255693,0.4231241143799132,0,0.2624284903956502,Low
10.107.1,0.0743055555555555,0.0,0.8539586125663344,1,0.5123751675398006,Medium
10.107.2,0.1677820512820512,0.03805755236232716,0.6603703512079342,1,0.4114452316696914,Medium
10.108.0,0.4191842105263157,0.382443600113309,0.0150705399801202,0,0.16201976403339574,Low
10.108.1,0.3509736842105264,0.2890046509669526,0.8519248213927354,1,0.6267567532224223,Medium
10.108.2,0.2556774193548387,0.15846200122306497,0.1044170578694292,0,0.12603503521088352,Low
10.109.0,0.25315,0.1549997876715237,0.0265580969822197,0,0.0779347732579413,Low
10.109.1,0.4699047619047619,0.4519237123028076,0.3578103367201363,0,0.3954556869532048,Low
10.109.2,0.1323333333333333,0.0,0.0260373268862302,0,0.015622396131738119,Low
10.109.3,0.3966904761904762,0.3516303076166693,0.2987923974124037,0,0.31992756149410995,Low
10.109.4,0.1225555555555555,0.0,0.0354363101569718,0,0.02126178609418308,Low
10.109.5,0.1264464285714285,0.0,0.6514824947186906,1,0.3908894968312143,Low
10.109.6,0.1138913043478261,0.0,0.0299214999468289,0,0.01795289996809734,Low
10.109.7,0.1225588235294117,0.0,0.9709579744568174,1,0.5825747846740904,Medium
10.110.0,0.250625,0.15154088830015297,0.6417349359538559,1,0.44565731689237476,Medium
10.110.1,0.1645357142857142,0.033610521472866736,0.6147167429445763,1,0.38227425435589246,Low
10.110.2,0.1298157894736842,0.0,0.4031634983863919,0,0.24189809903183515,Low
10.110.3,0.1206111111111111,0.0,0.1005411323267577,0,0.06032467939605461,Low
10.110.4,0.2862,0.20027369825520785,0.0139625690960351,0,0.0884870207597042,Low
10.110.5,0.2918157894736842,0.20796655000977282,0.812029505788787,1,0.5704043234771813,Medium
10.110.6,0.2048064516129032,0.08877583950282697,0.0151910998266013,0,0.044624995697091566,Low
10.110.7,0.1679651162790697,0.038308325987320146,0.6538018068073151,1,0.4076044144793171,Medium
10.110.8,0.1830833333333333,0.059018183993355185,0.7313949927569909,1,0.4624442692515366,Medium
10.110.9,0.221375,0.11147245003773965,0.0033770984132216,0,0.04661523906302882,Low
10.110.10,0.0614393939393939,0.0,0.7264490344392649,1,0.43586942066355894,Medium
10.110.11,0.0968,0.0,0.0194082994209037,0,0.01164497965254222,Low
10.111.0,0.1250131578947368,0.0,0.6142857287906083,1,0.368571437274365,Low
10.111.1,0.2971935483870968,0.2153333329503614,0.0172240380430234,0,0.0964677560059586,Low
10.111.2,0.1673043478260869,0.037403164962906764,0.2109897508895903,0,0.14155511651891686,Low
10.111.3,0.2980576923076923,0.21651709012411255,0.0158834094955795,0,0.09613688174699273,Low
10.111.4,0.0963392857142857,0.0,0.0184208568616219,0,0.01105251411697314,Low
10.111.5,0.3716428571428571,0.3173185477045334,0.023803150823672,0,0.14120930957601655,Low
10.111.6,0.3603653846153846,0.3018699763635729,0.0111509069514596,0,0.12743853471630492,Low
10.111.7,0.3078,0.2298626988182208,0.926070905372062,1,0.6475876227505256,Medium
10.111.8,0.0705645161290322,0.0,0.2503321237162809,0,0.15019927422976853,Low
10.112.0,0.1745760869565217,0.047364437797375175,0.5344805109625881,1,0.3396340816965029,Low
10.112.1,0.2024444444444444,0.08554021767702288,0.0119607868679472,0,0.04139255919157748,Low
10.112.2,0.1574875,0.023955446636374455,0.9093574146557628,1,0.5551966274480075,Medium
10.113.0,0.0230322580645161,0.0,0.7400254306559413,1,0.44401525839356476,Medium
10.113.1,0.3451153846153846,0.2809795940216309,0.089341702759054,0,0.16599685926408478,Low
10.113.2,0.332925,0.264280459889781,0.042274765507286,0,0.131077043260284,Low
10.113.3,0.1852692307692307,0.062012559940644876,0.0504286290651712,0,0.05506220141536067,Low
10.113.4,0.2230384615384615,0.11375116135246592,0.007234321123591,0,0.04984105721514097,Low
10.113.5,0.1955294117647059,0.07606758314674347,0.8370139474343951,1,0.5326354017193344,Medium
10.113.6,0.0946578947368421,0.0,0.0360761360096865,0,0.0216456816058119,Low
10.114.0,0.1035357142857142,0.0,0.7286458761373326,1,0.43718752568239955,Medium
10.114.1,0.1351125,0.0,0.0148396269379951,0,0.00890377616279706,Low
10.114.2,0.164625,0.033732830502971885,0.7331196632362151,1,0.45336493014291784,Medium
10.115.0,0.3659,0.30945163088817684,0.0096383082198081,0,0.12956363728715561,Low
10.115.1,0.6961666666666666,0.7618711024596769,0.0904134495535576,0,0.35899651071600536,Low
10.116.0,0.2122857142857142,0.09902139077304575,0.0040058017623994,0,0.04201203736665795,Low
10.116.1,0.410796875,0.3709541151313491,0.0167211726882998,0,0.15841434966551954,Low
10.116.2,0.2281666666666666,0.12077609026106347,0.0075264660521081,0,0.05282631573569025,Low
10.117.0,0.1336515151515151,0.0,0.0339982613431031,0,0.020398956805861863,Low
10.117.1,0.1622419354838709,0.030468363034942252,0.5968955424592197,1,0.37032467068950875,Low
10.117.2,0.1426041666666666,0.003567346711397072,0.8765071468260667,1,0.5273312267801987,Medium
10.117.3,0.5651666666666667,0.5824192934895523,0.6795799093056046,1,0.6407156629791837,Medium
10.117.4,0.3887777777777778,0.34079100957091535,0.0299656816019373,0,0.15429581278952853,Low
10.117.5,0.3695,0.3143831309820123,0.0128414719144272,0,0.13345813554146127,Low
10.118.0,0.1178571428571428,0.0,0.6738196175485077,1,0.40429177052910464,Medium
10.118.1,0.3077916666666666,0.2298512833087442,0.0135298222758166,0,0.10005840668898763,Low
10.118.2,0.1659615384615384,0.035563702599775066,0.037381793363989,0,0.03665455705830343,Low
10.118.3,0.0879285714285714,0.0,0.6582442180027316,1,0.39494653080163894,Low
10.118.4,0.2286206896551724,0.12139803870840231,0.2435420652067222,0,0.19468445460739423,Low
10.119.0,0.168258064516129,0.03870962439247207,0.6499260788717836,1,0.405439497080059,Medium
10.120.0,0.1113157894736842,0.0,0.7104162410663394,1,0.42624974463980364,Medium
10.120.1,0.088326923076923,0.0,0.0307137893819634,0,0.018428273629178038,Low
10.120.2,0.273953125,0.18349718014084912,0.5257878526226426,1,0.3888715836299252,Low
10.120.3,0.3363333333333334,0.26894940326565764,0.3667478603691436,0,0.3276284775277492,Low
10.120.4,0.2101046511627907,0.09603363716322401,0.8994191583148212,1,0.5780649498541823,Medium
10.120.5,0.3994038461538461,0.3553472476802718,0.6452506923123256,1,0.529289314459504,Medium
10.120.6,0.3465833333333333,0.28299047992171694,0.9580267771829616,1,0.6880122582784637,High
10.121.0,0.460175,0.43859528959549365,0.0184299202691787,0,0.18649606799970467,Low
10.122.0,0.7940833333333334,0.8960033388082117,0.0346341113512589,0,0.37918180233404003,Low
10.122.1,0.3085,0.23082160161424434,0.0137586460838749,0,0.10058382829602268,Low
10.122.2,0.94875,1.0,0.1728258356228379,0,0.5036955013737028,Medium
10.122.3,0.16059375,0.02821057779372904,0.7632950871413439,1,0.4692612834022979,Medium
10.123.0,0.1357586206896551,0.0,0.814187993655553,1,0.4885127961933318,Medium
10.123.1,0.6072333333333334,0.6400447853267781,0.2050296505654769,0,0.37903570446999735,Low
10.123.2,0.2164583333333333,0.1047372994466217,0.1471531532111073,0,0.13018681170531307,Low
10.123.3,0.0654375,0.0,0.8272060181335871,1,0.4963236108801522,Medium
10.123.4,0.1784615384615384,0.052686966814481595,0.1566390873296811,0,0.1150582391236013,Low
10.123.5,0.4971590909090909,0.4892583584256609,0.2903423328635612,0,0.3699087430884011,Low
10.123.6,0.1745,0.047260209232590056,0.8167583064738118,1,0.508959067577323,Medium
10.124.0,0.5226136363636363,0.5241275510083361,0.6223980923554527,1,0.5830898758166061,Medium
10.125.0,0.29125,0.2071914969979493,0.0763291784403379,0,0.12867410586338246,Low
10.125.1,0.2205,0.1102738215427102,0.079839186318865,0,0.09201304040840308,Low
10.125.2,0.5508863636363637,0.562857261341236,0.0187453282997776,0,0.236390101516361,Low
10.126.0,0.4437368421052631,0.4160772959287221,0.6167898454733204,1,0.5365048256554811,Medium
10.127.0,0.1194,0.0,0.8864854304375183,1,0.5318912582625109,Medium
10.128.0,0.1758157894736842,0.049062658097296014,0.0128380987175922,0,0.02732792246947373,Low
10.128.1,0.0823529411764706,0.0,0.0391963804476736,0,0.02351782826860416,Low
10.128.2,0.3785,0.32671188121660105,0.0161578385372777,0,0.14037945560900705,Low
10.128.3,0.2066666666666667,0.09132407581176831,0.0801822828241576,0,0.08463900001920188,Low
10.128.4,0.2153181818181818,0.10317545019552272,0.2857584901271526,0,0.21272527415450065,Low
10.128.5,0.0394838709677419,0.0,0.0841931198364745,0,0.050515871901884696,Low
10.128.6,0.2055921052631578,0.08985207590559162,0.0880817631123461,0,0.08878988822964431,Low
10.128.7,0.1800576923076923,0.05487347593728268,0.460262078742239,0,0.29810663762025646,Low
10.129.0,0.1742023809523809,0.04685251246557316,0.636323176342523,1,0.4005349107917431,Medium
10.130.0,0.1519615384615384,0.016385646679303707,0.4886261597593682,0,0.2997299545273424,Low
10.130.1,0.2020277777777777,0.08496944220319928,0.8734958533951853,1,0.5580852889183909,Medium
10.130.2,0.170725,0.04208898343974868,0.017975804802626,0,0.02762107625747507,Low
10.130.3,0.3467333333333333,0.2831959590922934,0.023020537960062,0,0.12709070641295456,Low
10.130.4,0.2413947368421052,0.13889670951424063,0.1101552876124035,0,0.12165185637313836,Low
10.130.5,0.6057976190476191,0.638078056122689,0.0384413690274749,0,0.2782960438655605,Low
10.130.6,0.1629310344827586,0.03141233297318579,0.0488640566177187,0,0.04188336715990554,Low
10.131.0,0.25004,0.1507395195349047,0.0511923543729768,0,0.09101122043774795,Low
10.131.1,0.0716153846153846,0.0,0.0243978865206117,0,0.014638731912367019,Low
10.131.2,0.2275227272727272,0.11989398271060889,0.1498258566311649,0,0.1378531070629425,Low
10.131.3,0.7358125,0.8161803887939879,0.141072937354678,0,0.411115917930402,Medium
10.131.4,0.36425,0.3071913600118356,0.0107480090851945,0,0.12932534945585095,Low
10.131.5,0.1186875,0.0,0.0262475293776356,0,0.01574851762658136,Low
10.131.6,0.1225185185185185,0.0,0.0297307160221425,0,0.017838429613285498,Low
10.131.7,0.2541571428571428,0.15637943353110859,0.3790522622134151,0,0.2899831307404925,Low
10.131.8,0.1643714285714285,0.03338547285747347,0.5640517018239214,1,0.3517852102373422,Low
10.131.9,0.3786875,0.32696873017982164,0.0250922903304783,0,0.14584286627021564,Low
10.131.10,0.1734677419354838,0.04584615902647229,0.0910671904842915,0,0.07297877790116382,Low
10.131.11,0.4277777777777777,0.3942155939207997,0.9536716135714814,1,0.7298892057112087,High
10.131.12,0.1430897435897435,0.004232519667429883,0.7082306828358438,1,0.4266314175684782,Medium
10.132.0,0.0901315789473684,0.0,0.2503321237162809,0,0.15019927422976853,Low
10.133.0,0.1905689655172414,0.06927246060928872,0.035789863612598,0,0.04918290241127429,Low
10.133.1,0.4887962962962963,0.47780249108740436,0.0292422835574162,0,0.20866636656941145,Low
10.133.2,0.2285,0.12123271064012241,0.957768012637322,1,0.6231538918384422,Medium
10.133.3,0.1318472222222222,0.0,0.7488006708374271,1,0.4492804025024562,Medium
10.133.4,0.195828125,0.07647677879893312,0.025542602762757,0,0.04591627317722745,Low
10.133.5,0.095,0.0,0.8864854304375183,1,0.5318912582625109,Medium
10.133.6,0.1464047619047619,0.008773634426201998,0.2899377900603685,0,0.17747212780670188,Low
10.133.7,0.1266923076923077,0.0,0.6304551685923871,1,0.3782731011554323,Low
10.133.8,0.3452916666666666,0.2812210759528639,0.027853326810361,0,0.12920042646736216,Low
10.134.0,0.3604166666666666,0.3019402256526588,0.0229466298325364,0,0.13454406816058537,Low
10.134.1,0.1536666666666666,0.01872143554141238,0.9560830603181768,1,0.5811384104074709,Medium
10.135.0,0.0712241379310344,0.0,0.4874218948863562,0,0.2924531369318137,Low
10.135.1,0.1519,0.01630134753240063,0.0164715347909085,0,0.016403459887505356,Low
10.135.2,0.8378333333333333,0.9559347635596845,0.0294778451831803,0,0.400060612533782,Medium
10.135.3,1.3366666666666664,1.0,0.2659677046731317,0,0.559580622803879,Medium
10.135.4,0.104025,0.0,0.8187876439850634,1,0.49127258639103805,Medium
10.136.0,0.2798809523809524,0.1916174804979067,0.0112018006264919,0,0.08336807257505782,Low
10.136.1,0.1188095238095238,0.0,0.884315988483213,1,0.5305895930899278,Medium
10.136.2,0.3666428571428571,0.3104692420186508,0.0245852494789186,0,0.13893884649481147,Low
10.136.3,0.1014555555555555,0.0,0.6169025412354392,1,0.3701415247412635,Low
10.136.4,0.4261285714285714,0.3919564102358372,0.6066807469324842,1,0.5207910122538254,Medium
10.137.0,0.3217777777777778,0.2490103133800882,0.0217035455733175,0,0.11262625269602577,Low
10.137.1,0.0735833333333333,0.0,0.0253614450351049,0,0.01521686702106294,Low
10.137.2,0.2351041666666667,0.13027950190022572,0.0244201715253257,0,0.0667639036752857,Low
10.137.3,0.07071875,0.0,0.9545792044817836,1,0.5727475226890701,Medium
10.137.4,0.2721458333333333,0.1810214415231394,0.952563495907544,1,0.643946674153782,Medium
10.137.5,0.0627647058823529,0.0,0.0165475021904523,0,0.009928501314271379,Low
10.137.6,0.3079642857142857,0.23008774743361401,0.2171044518101184,0,0.22229777005951665,Low
10.138.0,0.0673111111111111,0.0,0.1717777277348094,0,0.10306663664088564,Low
10.139.0,0.4673260869565217,0.4483912857058027,0.0160549742865289,0,0.18898949885423844,Low
10.139.1,0.3915972222222222,0.344653256943788,0.0149641146273211,0,0.14683977155390787,Low
10.139.2,0.3117142857142857,0.23522472669802605,0.9507887332408652,1,0.6645631306237296,High
10.139.3,0.1022222222222222,0.0,0.019133949752608,0,0.0114803698515648,Low
10.140.0,0.2054318181818182,0.08963250486207303,0.0198323810662335,0,0.04775243058456931,Low
10.140.1,0.129030303030303,0.0,0.4982453119966276,0,0.2989471871979765,Low
10.140.2,0.2828620689655172,0.1957011962524944,0.5470854177995071,1,0.4065317291807021,Medium
10.140.3,0.0919081632653061,0.0,0.8864854304375183,1,0.5318912582625109,Medium
10.140.4,0.1601875,0.027654071706751084,0.0841780679738997,0,0.061568469467040254,Low
10.140.5,0.0295555555555555,0.0,0.3270773887922296,0,0.19624643327533775,Low
10.140.6,0.1175277777777777,0.0,0.6585271982607848,1,0.39511631895647087,Low
10.141.0,0.1701341463414634,0.041279595975160836,0.0120568732896256,0,0.023745962363839697,Low
10.141.1,0.3365,0.26917771345518704,0.0060760314172616,0,0.11131670423243177,Low
10.141.2,0.2961666666666666,0.2139266475890671,0.8916025046938595,1,0.6205321618519426,Medium
10.141.3,0.0998035714285714,0.0,0.0144668989779858,0,0.00868013938679148,Low
10.141.4,0.1244146341463414,0.0,0.8304483641846737,1,0.4982690185108042,Medium
10.141.5,0.1655862068965517,0.03504955047534414,0.0133219267143071,0,0.022012976218721916,Low
10.141.6,0.0985555555555555,0.0,0.7091729283609484,1,0.425503757016569,Medium
10.141.7,0.1635416666666667,0.0322488142710307,0.1097991136754779,0,0.07877899391369902,Low
10.141.8,0.0787727272727272,0.0,0.0182742853904367,0,0.01096457123426202,Low
10.142.0,0.4323552631578947,0.4004861132490156,0.0238322118819269,0,0.17449377242876238,Low
10.142.1,0.2702173913043478,0.1783797437323343,0.3087641643388643,0,0.2566103960962523,Low
10.142.2,0.2978,0.21616408744645554,0.0127734297142327,0,0.09412969280712184,Low
10.142.3,0.5451875,0.5550506095197131,0.0159868823213633,0,0.23161237320070321,Low
10.142.4,0.09309375,0.0,0.1097193481373197,0,0.06583160888239183,Low
10.142.5,0.1044166666666666,0.0,0.0238034382101904,0,0.014282062926114239,Low
10.143.0,0.2591818181818182,0.1632625409853112,0.0048614168843447,0,0.0682218665247313,Low
10.143.1,0.2635731707317073,0.1692780841830453,0.0803294815815013,0,0.1159089226221189,Low
10.143.2,0.1718428571428571,0.043620292496663826,0.0338634917819091,0,0.03776621206781099,Low
10.143.3,0.1406764705882353,0.0009266707692664509,0.9668359368984252,1,0.5804722304467617,Medium
10.143.4,0.1429047619047619,0.003979120446084159,0.5391429865361462,1,0.3250774401001214,Low
10.143.5,1.0471363636363635,1.0,0.9632747182801022,1,0.9779648309680613,Critical
10.143.6,0.2796875,0.1913524775993457,0.0122500847545701,0,0.08389104189248034,Low
10.143.7,0.1975657894736842,0.07885713783088541,0.9179881038988776,1,0.5823357174716808,Medium
10.143.8,0.1480166666666666,0.01098172011636503,0.6300265639030912,1,0.38240862638840073,Low
10.143.9,0.156609375,0.02275253732529131,0.931576227365925,1,0.5680467513496715,Medium
10.143.10,0.0077592592592592,0.0,0.0214146533387554,0,0.012848792003253241,Low
10.143.11,0.4714411764705882,0.45402838690712505,0.0223851907379622,0,0.19504246920562734,Low
10.143.12,0.476590909090909,0.46108280549055275,0.0134212300401683,0,0.19248586022032207,Low
10.143.13,0.578,0.5999991780833176,0.0301246719485435,0,0.2580744744024531,Low
10.143.14,0.1588076923076923,0.02576392677228151,0.7594766534055286,1,0.46599156275222975,Medium
10.143.15,0.2912794117647058,0.20723178703139553,0.0088614046753471,0,0.08820955761776648,Low
10.143.16,0.3411111111111111,0.27549429536550096,0.1868164692028843,0,0.22228759966793096,Low
10.144.0,0.3039333333333333,0.22456590242113814,0.0674347808889901,0,0.13028722950184932,Low
10.144.1,0.1675681818181818,0.0377645808953437,0.0288475273635705,0,0.032414348776279786,Low
10.144.2,0.0621923076923076,0.0,0.7890210362142738,1,0.47341262172856424,Medium
10.145.0,0.2443181818181818,0.14290142317364193,0.8731530240906736,1,0.5810523837238609,Medium
10.145.1,0.7891111111111111,0.8891920848205839,0.0569890280848758,0,0.38987025077915904,Low
10.145.2,0.4282758620689655,0.39489790023433596,0.0141456611267023,0,0.16644655676975578,Low
10.146.0,0.0873518518518518,0.0,0.1206019051683633,0,0.07236114310101797,Low
10.146.1,0.4607105263157894,0.4393288862834289,0.3583488851383357,0,0.390740885596373,Low
10.146.2,0.1518461538461538,0.01622758577886028,0.2460141912362839,0,0.15409954905331444,Low
10.146.3,0.1123166666666666,0.0,0.9058822810092656,1,0.5435293686055593,Medium
10.146.4,0.2644411764705882,0.17046713151158446,0.0054579982752049,0,0.07146165156975673,Low
10.146.5,0.3125,0.23630104616295045,0.7815900390329282,1,0.5634744418849371,Medium
10.146.6,0.2670833333333334,0.17408651951618337,0.1349279916414594,0,0.15059140279134897,Low
10.146.7,0.1803611111111111,0.055289117564374705,0.8443975591093041,1,0.5287541824913323,Medium
10.146.8,0.0562727272727272,0.0,0.0998588656810605,0,0.0599153194086363,Low
10.147.0,0.3056486486486486,0.2269156462095923,0.8586102221981549,1,0.6059323918027298,Medium
10.147.1,1.0194375,1.0,0.0453397083074681,0,0.4272038249844809,Medium
10.148.0,0.1244782608695652,0.0,0.5922456376801509,1,0.35534738260809057,Low
10.148.1,0.1816612903225806,0.05707018253753158,0.781272330732249,1,0.491591471454362,Medium
10.149.0,0.3364827586206896,0.2691540951597184,0.0113270331702286,0,0.11445785796602452,Low
10.149.1,0.5167999999999999,0.5161636764881142,0.0250254167732245,0,0.2214807206591804,Low
10.149.2,0.272,0.18082167010730124,0.6228380969046694,1,0.4460315261857221,Medium
10.149.3,0.0844210526315789,0.0,0.4231241143799132,0,0.25387446862794794,Low
10.149.4,0.1143181818181818,0.0,0.9361349393941744,1,0.5616809636365045,Medium
10.149.5,0.2266875,0.11874983732898992,0.0684161696266463,0,0.08854963670758376,Low
10.149.6,0.1179024390243902,0.0,0.8919873982707109,1,0.5351924389624265,Medium
10.149.7,0.1123666666666666,0.0,0.0833080392113711,0,0.04998482352682266,Low
10.150.0,0.2594268292682927,0.16359817215085004,0.006731474871211,0,0.06947815378306661,Low
10.150.1,0.0755526315789473,0.0,0.8571460227456688,1,0.5142876136474013,Medium
10.150.2,0.7931785714285714,0.8947639406364805,0.0767392832797165,0,0.40394914622242206,Medium
10.151.0,0.22384,0.11484915774087981,0.0128005528576459,0,0.053619994810939466,Low
10.151.1,0.1515,0.015753403077530006,0.0302611973526335,0,0.0244580796425921,Low
10.151.2,0.1209444444444444,0.0,0.743157823257381,1,0.4458946939544286,Medium
10.151.3,0.1486666666666666,0.011872129855529788,0.5980939377203361,1,0.3636052145744136,Low
10.151.4,0.7805,0.8773960583615639,0.0254450510931763,0,0.36622545400053136,Low
10.151.5,0.2205357142857142,0.11032274515475209,0.0555579884213417,0,0.07746389111470586,Low
10.151.6,0.1198292682926829,0.0,0.0487644843055558,0,0.02925869058333348,Low
10.152.0,0.1422931034482758,0.0031412332973184917,0.030619240784004,0,0.019628037789329793,Low
10.153.0,0.1404666666666666,0.0006392685306822696,0.7353863547262403,1,0.4414875202480171,Medium
10.153.1,0.3479199999999999,0.2848215276417428,0.0176730954071524,0,0.12453246830098856,Low
10.154.0,0.1713076923076923,0.04288719098698808,0.0862281125096489,0,0.06889174390058457,Low
10.154.1,0.2932,0.20986272621544355,0.0082259239577576,0,0.088880644860832,Low
10.154.2,0.3417058823529412,0.27630904937519424,0.0070731783860386,0,0.11476752678170085,Low
10.154.3,0.0488108108108108,0.0,0.0420626018900235,0,0.025237561134014097,Low
10.154.4,0.6876785714285715,0.7502435906643572,0.0523595081266873,0,0.3315131411417553,Low
10.154.5,0.4267857142857142,0.3928566046974103,0.0263489882670622,0,0.17295203483920144,Low
10.154.6,0.2526621621621621,0.15433151757622535,0.0149579535241668,0,0.07070737914499022,Low
10.154.7,0.1718076923076923,0.04357212155557634,0.9238700107186189,1,0.5717508550534017,Medium
10.155.0,0.3774615384615384,0.32528933311261,0.0181931694811825,0,0.1410316349337535,Low
10.155.1,0.2314047619047619,0.12521183108620657,0.0380302286424724,0,0.07290286961996607,Low
10.156.0,0.047515625,0.0,0.8359845861083934,1,0.5015907516650361,Medium
10.156.1,0.2250441176470588,0.11649863171017409,0.0450049382641506,0,0.07360241564256,Low
10.157.0,0.1921176470588235,0.07139393926696469,0.6079099982646952,1,0.39330357466560295,Low
10.157.1,0.7402727272727273,0.8222902807978719,0.0822048845471054,0,0.378239043047412,Low
10.157.2,0.4058333333333333,0.364154752299426,0.6089505583162124,1,0.5110322359094979,Medium
10.157.3,0.0853166666666666,0.0,0.060861771370307,0,0.0365170628221842,Low
10.157.4,0.5282857142857142,0.5318975101208275,0.0306808723157244,0,0.23116752743776567,Low
10.157.5,0.0625,0.0,0.8615878245652124,1,0.5169526947391274,Medium
10.157.6,0.165,0.0342465284294131,0.8972613328842146,1,0.552055411102294,Medium
10.157.7,0.2094375,0.09511973271269489,0.2375484595685963,0,0.18057696882623575,Low
10.157.8,0.1039629629629629,0.0,0.8498601099140478,1,0.5099160659484286,Medium
10.157.9,0.14675,0.00924656267594151,0.0153550961677979,0,0.012911682771055344,Low
10.158.0,0.3431086956521739,0.2782307087965275,0.0371461901530164,0,0.13357999761042086,Low
10.158.1,0.2244705882352941,0.11571297605796989,0.0124982674011791,0,0.05378415086389542,Low
10.158.2,0.35772,0.29824616678607285,0.0086698521637799,0,0.12450037801269709,Low
10.158.3,0.3125208333333333,0.23632958493664158,0.0301927608791059,0,0.11264749050212018,Low
10.158.4,0.1839375,0.06018827371469353,0.4676947675587091,0,0.3046921700211028,Low
10.158.5,0.272969696969697,0.18215002030092692,0.7251039351877814,1,0.5079223692330396,Medium
10.158.6,0.14734,0.01005478074687567,0.0251468731188214,0,0.01911003617004311,Low
10.159.0,0.2805,0.1924654897733017,0.0412197599862425,0,0.10171805190106618,Low
10.160.0,0.2563333333333333,0.1593605122915356,0.0577611875532066,0,0.0984009174485382,Low
10.161.0,0.2334347826086956,0.1279926775561891,0.0055286635700454,0,0.05451426916450288,Low
10.161.1,0.55484,0.5682731941463094,0.0456617697324977,0,0.2547063394980224,Low
10.161.2,0.03895,0.0,0.6798971766737889,1,0.40793830600427333,Medium
10.161.3,0.1720199999999999,0.04386295361239215,0.6842086797565008,1,0.4280703892988573,Medium
10.162.0,0.5495,0.5609581356737867,0.0645606676955145,0,0.2631196548868234,Low
10.162.1,0.51575,0.5147253222940791,0.0156938355976143,0,0.21530643027620022,Low
10.162.2,0.0448333333333333,0.0,0.4151184102189972,0,0.2490710461313983,Low
10.163.0,0.1998863636363636,0.0820360021922759,0.887389504008679,1,0.5652481032821177,Medium
10.163.1,0.1007564102564102,0.0,0.5536444382431348,1,0.3321866629458809,Low
10.163.2,0.2365,0.13219159973753458,0.2434262678870382,0,0.19893240062723674,Low
10.163.3,0.2678095238095238,0.1750812996277043,0.951239028925534,1,0.6407759372064021,Medium
10.163.4,0.2430555555555555,0.14117180052569173,0.0276964625897285,0,0.07308659776411379,Low
10.164.0,0.1765714285714285,0.05009777873102705,0.8661885012490632,1,0.5397522122418487,Medium
10.164.1,0.2380192307692307,0.13427273492670652,0.9650172592121292,1,0.6327194494979601,Medium
10.164.2,0.08472,0.0,0.8965339402103178,1,0.5379203641261907,Medium
10.164.3,0.2163529411764706,0.10459292682677228,0.0047928302035171,0,0.04471286885281918,Low
10.164.4,0.73,0.8082180709341493,0.0514918656413544,0,0.3541823477584724,Low
10.164.5,0.3028181818181818,0.22303829969846864,0.2236026624567741,0,0.22337691735345191,Low
10.164.6,0.463,0.4424651473080174,0.0693167639445274,0,0.2185761172899234,Low
10.164.7,0.17395,0.04650678560714298,0.8705944877639894,1,0.5409594069012508,Medium
10.165.0,0.22003125,0.10963169913465871,0.0067291325597289,0,0.047890159189700826,Low
10.166.0,0.6574473684210527,0.7088310405342632,0.0372293559470626,0,0.30587002978194283,Low
10.166.1,2.8525,1.0,0.0232383758878005,0,0.4139430255326803,Medium
10.166.2,0.1591842105263158,0.026279704447412778,0.020317232135623,0,0.02270222106033891,Low
10.166.3,0.1359821428571428,0.0,0.7887989311193564,1,0.4732793586716138,Medium
10.167.0,0.13825,0.0,0.0417184616710026,0,0.02503107700260156,Low
10.167.1,0.36475,0.3078762905804239,0.006407751253235,0,0.12699516698411054,Low
10.168.0,0.137,0.0,0.0893134144479986,0,0.05358804866879916,Low
10.168.1,0.2714782608695652,0.18010695994877432,0.0133643575841543,0,0.08006139853000231,Low
10.168.2,0.3511499999999999,0.289246179114823,0.0101329079218011,0,0.12177821639900986,Low
10.168.3,0.5971875,0.6262833886528922,0.4791057943860235,0,0.5379768320927709,Medium
10.168.4,0.5674545454545455,0.585553369727638,0.067645660916991,0,0.2748087444412498,Low
10.168.5,0.4126875,0.37354400884382344,0.9621693123856292,1,0.7267191909689069,High
10.168.6,0.2026944444444444,0.08588268296131701,0.8278689163533296,1,0.5310744229965245,Medium
10.168.7,0.0184714285714285,0.0,0.0613164362885365,0,0.0367898617731219,Low
10.169.0,0.2038387096774193,0.08745016743459157,0.0170003231346249,0,0.04518026085461156,Low
10.169.1,0.237725,0.1338696796305758,0.0041334095853135,0,0.05602791760341842,Low
10.169.2,0.2108152173913043,0.09700701422505487,0.8994191583148212,1,0.5784543006789147,Medium
10.169.3,0.40225,0.3592460832245435,0.9591444440181008,1,0.7191850997006779,High
10.170.0,0.2018947368421052,0.08478719459576795,0.5097818767879436,1,0.33978400391107333,Low
10.170.1,0.218775,0.1079108110810807,0.02688777999514,0,0.059296992429516276,Low
10.170.2,0.2989310344827586,0.2177134476291931,0.9290689365237648,1,0.6445267409659361,Medium
10.170.3,0.1126666666666666,0.0,0.0265227482341565,0,0.015913648940493897,Low
10.171.0,0.3376904761904762,0.27080850052325434,0.056193525499728,0,0.14203951550913854,Low
10.172.0,0.2250384615384615,0.11649088362681898,0.2018932503671063,0,0.16773230367099137,Low
10.172.1,0.5282727272727272,0.5318797197164487,0.3181720364436104,0,0.4036551097527457,Medium
10.172.2,0.4407,0.4119172439489808,0.1034413454051593,0,0.2268317048226879,Low
10.173.0,0.3985357142857142,0.35415802757217346,0.5025711324813202,1,0.44320589051766157,Medium
10.174.0,0.0819166666666666,0.0,0.635018712870275,1,0.381011227722165,Low
10.174.1,0.3735833333333334,0.3199767306254832,0.0106198057599532,0,0.13436257570616522,Low
10.175.0,0.0765625,0.0,0.0178420333220969,0,0.01070521999325814,Low
10.175.1,0.2279264705882353,0.12044705498791823,0.0944624444976144,0,0.10485628869373592,Low
10.175.2,0.1453529411764706,0.007332786087239042,0.0370934886917954,0,0.025189207649972855,Low
10.175.3,0.1852857142857142,0.0620351400692796,0.8997475993166191,1,0.5646626156176833,Medium
10.175.4,0.2492727272727272,0.14968846244419828,0.4448959643178987,0,0.3268129635684185,Low
10.176.0,0.2994137931034482,0.2183747599023127,0.0112773362403215,0,0.09411630570511798,Low
10.176.1,0.1710543478260869,0.042540144227318694,0.7473279614593475,1,0.465412834566536,Medium
10.176.2,0.5283888888888889,0.5320388450000602,0.0599720916294466,0,0.24879879297769203,Low
10.176.3,0.0684705882352941,0.0,0.8093914735817467,1,0.485634884149048,Medium
10.176.4,0.0567875,0.0,0.024651770144693,0,0.0147910620868158,Low
10.176.5,0.1999833333333333,0.08216883721163845,0.6603805043918248,1,0.4290958375197503,Medium
10.176.6,0.2000714285714285,0.0822895154546754,0.0316189920106754,0,0.051887201388275406,Low
10.176.7,0.25721875,0.1605734101734107,0.0035684961975464,0,0.06637046178789213,Low
10.176.8,0.3851071428571428,0.33576274944437445,0.0219356565000002,0,0.14746649367774992,Low
10.176.9,2.0432,1.0,0.0268707439438163,0,0.4161224463662898,Medium
10.176.10,0.1666590909090909,0.03651925258881958,0.766232475696005,1,0.47434718645313084,Medium
10.176.11,0.1504090909090909,0.014259009109701076,0.0338959965729599,0,0.026041201587656368,Low
10.176.12,0.515939393939394,0.5149847656912717,0.0449433638528188,0,0.2329599245882,Low
10.176.13,0.2277368421052631,0.12018729029859286,0.8442583713283566,1,0.5546299389164511,Medium
10.176.14,0.2328043478260869,0.1271290694479691,0.1740292442916396,0,0.1552691743541714,Low
10.176.15,0.1189444444444444,0.0,0.9042432070757368,1,0.542545924245442,Medium
10.176.16,0.1701551724137931,0.04130839877451276,0.5068503738987629,1,0.3206335838490628,Low
10.176.17,0.120046875,0.0,0.085726573267795,0,0.051435943960676994,Low
10.176.18,0.3774807692307692,0.32531567659601723,0.9531566705785348,1,0.7020202729855277,High
10.176.19,0.1006666666666666,0.0,0.8571460227456688,1,0.5142876136474013,Medium
10.176.20,0.3679285714285714,0.31223049205216347,0.013835407129278,0,0.13319344109843217,Low
10.176.21,0.3668055555555555,0.3106921162512866,0.0088602138528158,0,0.12959297481220414,Low
10.176.22,0.141527027027027,0.0020918149797424634,0.8718273919523887,1,0.5239331611633302,Medium
10.176.23,0.2442599999999999,0.14282172216202427,0.0616243675418287,0,0.09410330938990692,Low
10.176.24,0.1272037037037037,0.0,0.8856803928496508,1,0.5314082357097905,Medium
10.176.25,0.193078431372549,0.07271008035954604,0.0399473527951046,0,0.05305244382088117,Low
10.176.26,0.598984375,0.6287448578837563,0.0460998708324449,0,0.27915786565296946,Low
10.176.27,0.0187857142857142,0.0,0.5962383061528801,1,0.357742983691728,Low
10.177.0,0.0311739130434782,0.0,0.8535381803465367,1,0.5121229082079221,Medium
10.177.1,0.189375,0.06763689364809086,0.6846780164530342,1,0.43786156733105686,Medium
10.177.2,0.3696363636363636,0.3145699302279909,0.0181931694811825,0,0.13674387377990588,Low
10.177.3,0.16009375,0.027525647225140778,0.6645522490021456,1,0.40974160829134365,Medium
10.177.4,0.0017195121951219,0.0,0.8990803501859259,1,0.5394482101115555,Medium
10.178.0,0.41,0.36986250703766155,0.2778840820197585,0,0.3146754520269197,Low
10.178.1,0.0973333333333333,0.0,0.1854945990684831,0,0.11129675944108985,Low
10.179.0,0.0804166666666666,0.0,0.7336239289271304,1,0.4401743573562782,Medium
10.179.1,0.1358529411764706,0.0,0.0262475293776356,0,0.01574851762658136,Low
10.179.2,0.0804838709677419,0.0,0.0893134144479986,0,0.05358804866879916,Low
10.179.3,0.5084375,0.5047082127284757,0.8414155753356715,1,0.7067326302927932,High
10.179.4,0.30895,0.23143803912597377,0.0130383015406171,0,0.10039819657475976,Low
10.179.5,0.2479523809523809,0.14787977133234184,0.0148512652605117,0,0.06806266768924377,Low
10.179.6,0.0068571428571428,0.0,0.111562657613839,0,0.0669375945683034,Low
10.179.7,0.1313,0.0,0.0246575050231799,0,0.014794503013907938,Low
10.180.0,0.3315,0.26232840776930444,0.270506791482196,0,0.26723543799703936,Low
10.180.1,0.7735,0.8678070304013281,0.1162041720225626,0,0.4168453153740688,Medium
10.181.0,0.0674459459459459,0.0,0.0576273020108301,0,0.03457638120649806,Low
10.181.1,0.5959473684210527,0.6245845805979069,0.2862697721783296,0,0.4215956955461605,Medium
10.182.0,0.10507,0.0,0.8864854304375183,1,0.5318912582625109,Medium
10.182.1,0.2989375,0.21772230448999386,0.550051672672125,1,0.4171199253992725,Medium
10.182.2,0.2148,0.102465613060804,0.3690460562395803,0,0.2624138789680698,Low
10.182.3,0.2721714285714285,0.1810565034451028,0.441070358350868,0,0.3370648163885619,Low
10.182.4,0.0883666666666666,0.0,0.8956931284958907,1,0.5374158770975344,Medium
10.183.0,0.2729375,0.1821059149234042,0.0203412056457685,0,0.08504708935682279,Low
10.183.1,0.0520208333333333,0.0,0.8903570457309247,1,0.5342142274385547,Medium
10.183.2,0.1099354838709677,0.0,0.7864317689182483,1,0.47185906135094896,Medium
10.183.3,0.215735294117647,0.10374683612439843,0.1154474847254236,0,0.11076722528501354,Low
10.183.4,0.1797692307692307,0.05447832368617399,0.6617234425835948,1,0.4188253950246265,Medium
10.183.5,0.2865434782608695,0.20074421577623797,0.0135197367824959,0,0.08840952837999273,Low
10.183.6,0.1543541666666666,0.01966321507322125,0.0155615209200982,0,0.017202198581347417,Low
10.183.7,0.1964130434782608,0.07727803589071904,0.887389504008679,1,0.563344916761495,Medium
10.183.8,0.4775,0.46232813379707693,0.0144886810836227,0,0.1936244621690044,Low
10.183.9,0.2873720930232558,0.2018793029369217,0.9623649162807651,1,0.6581706709432278,High
10.183.10,0.5334772727272727,0.5390092242712993,0.0345695193248896,0,0.2363454013034535,Low
10.183.11,0.6077666666666667,0.6407753779332722,0.05945542876948,0,0.2919834084349969,Low
10.184.0,0.1838372093023255,0.060050889385528904,0.8054764298757497,1,0.5073062136796613,Medium
10.184.1,0.3928125,0.34631801874244006,0.9471978722821444,1,0.7068459308662626,High
10.184.2,0.1015576923076923,0.0,0.7467906369784315,1,0.4480743821870589,Medium
10.184.3,0.2442857142857142,0.14285694716269454,0.0269767256731163,0,0.0733288142689476,Low
10.184.4,0.0937,0.0,0.8275081311991047,1,0.4965048787194628,Medium
10.184.5,0.2842777777777778,0.19764052073596855,0.0285141387748221,0,0.09616469155928067,Low
10.184.6,0.23895,0.13554775952361706,0.1433981748856161,0,0.14025800874081648,Low
10.184.7,0.3115263157894736,0.2349672340030679,0.0057849808464838,0,0.09745788210911745,Low
10.184.8,0.35875,0.2996571237573647,0.0191662184645383,0,0.13136258058166886,Low
10.184.9,0.1516428571428571,0.01594909752569804,0.7830459448721403,1,0.47620720593356336,Medium
10.184.10,0.1684722222222222,0.03900299071127598,0.684547686893783,1,0.42632980842078017,Medium
10.185.0,0.2623448275862068,0.16759542464490707,0.7499454666563946,1,0.5170054498517995,Medium
10.185.1,0.201765625,0.08461032930091875,0.3180244966628071,0,0.22465882971805173,Low
10.186.0,0.2593243243243243,0.16345775461173925,0.0052988662041944,0,0.06856242156721234,Low
10.186.1,0.2280652173913043,0.12063711884134994,0.1037826400202203,0,0.11052443154867214,Low
10.186.2,0.0694545454545454,0.0,0.4924668465564797,0,0.2954801079338878,Low
10.186.3,0.1824545454545454,0.05815683191467599,0.6079099982646952,1,0.3880087317246875,Low
10.186.4,0.3079107142857142,0.23001436201555092,0.7664439599969918,1,0.5518721208044154,Medium
10.187.0,0.3273589743589744,0.2566557776756119,0.0124383937167062,0,0.11012534730026848,Low
10.187.1,0.2742727272727273,0.18393499087361148,0.0282755297592871,0,0.09053931420501686,Low
10.187.2,0.60175,0.6325333800912601,0.0812792591908561,0,0.3017809075510177,Low
10.187.3,0.2438484848484848,0.1422580035486044,0.0635233325232813,0,0.09501720093341054,Low
10.187.4,0.24522,0.14413678885371387,0.0110853795969447,0,0.06430594329965236,Low
10.188.0,0.1102,0.0,0.8916827043124749,1,0.5350096225874849,Medium
10.188.1,0.2741666666666666,0.1837897025711836,0.0084170105420071,0,0.07856608735367769,Low
10.188.2,0.1172105263157894,0.0,0.8810675111013362,1,0.5286405066608016,Medium
10.189.0,0.22665625,0.11870702916845317,0.003857951246665,0,0.04979758241538027,Low
10.189.1,0.3025416666666666,0.22265951233856746,0.9222907568621612,1,0.6424382590527237,Medium
10.189.2,0.0970689655172413,0.0,0.5115631820903153,1,0.3069379092541891,Low
10.189.3,0.1739375,0.04648966234292827,0.9070710853883204,1,0.5628385161701636,Medium
10.189.4,0.4690294117647058,0.45072460416452276,0.0632705662964188,0,0.21825218144366038,Low
10.189.5,0.24859375,0.14875835786526317,0.0497272031608764,0,0.0893396650426311,Low
10.189.6,0.5508571428571429,0.5628172329313835,0.061156097587581,0,0.261820551725102,Low
10.189.7,0.21932,0.10865738540084188,0.0060613855577744,0,0.04709978549500139,Low
10.189.8,0.25725,0.16061621833394743,0.0326595549371924,0,0.08384222029589442,Low
10.190.0,0.1265714285714285,0.0,0.9118757880767924,1,0.5471254728460754,Medium
10.191.0,0.4283571428571428,0.39500924362725914,0.3032135958148814,0,0.33993185493983247,Low
10.191.1,0.285,0.19862986489059598,0.7191049047290476,1,0.510914888793667,Medium
10.191.2,0.0989310344827586,0.0,0.0589705330818664,0,0.03538231984911984,Low
10.191.3,0.2449705882352941,0.14379512937008865,0.0029664427279029,0,0.0592979173847772,Low
10.192.0,0.1711129032258064,0.04262035699376631,0.6559804976086215,1,0.41063644136267946,Medium
10.192.1,0.1181444444444444,0.0,0.861674632002594,1,0.5170047792015564,Medium
10.193.0,0.0700869565217391,0.0,0.8276887692200366,1,0.49661326153202195,Medium
10.193.1,0.0778157894736842,0.0,0.9381758556793124,1,0.5629055134075874,Medium
10.194.0,0.0734444444444444,0.0,0.0272217194984454,0,0.01633303169906724,Low
10.194.1,0.4364705882352941,0.4061235371393931,0.8607321803334355,1,0.6788887230558185,High
10.194.2,0.1059230769230769,0.0,0.0231080307653812,0,0.01386481845922872,Low
10.194.3,0.0955609756097561,0.0,0.7979004898822523,1,0.47874029392935136,Medium
10.194.4,0.2404772727272727,0.13763991107857756,0.0031062952547326,0,0.056919741584270586,Low
10.194.5,0.6388333333333333,0.6833323972615561,0.0342081606503322,0,0.2938578552948218,Low
10.194.6,0.451060606060606,0.42610983554900056,0.6589080983314721,1,0.5657887932184835,Medium
10.194.7,0.1581041666666666,0.024800194337633218,0.8640035061685734,1,0.5283221814361974,Medium
10.194.8,0.2842222222222222,0.1975644173394587,0.7748116070809825,1,0.543912731184373,Medium
10.194.9,0.4742058823529411,0.4578156500510836,0.4049250807585936,0,0.4260813084755896,Medium
10.194.10,0.1865576923076923,0.0637775733289301,0.8777636178214864,1,0.5521692000244638,Medium
10.194.11,0.4953,0.4867116620388191,0.0193572203295116,0,0.20629899701323462,Low
10.194.12,0.1371279069767441,0.0,0.0281838822649711,0,0.01691032935898266,Low
10.194.13,0.1990428571428571,0.08088051542786528,0.8303910563094736,1,0.5305868399568303,Medium
10.195.0,0.17526,0.04830130369684423,0.7099653458964966,1,0.44529972901663567,Medium
10.195.1,0.2964090909090909,0.21425873513747362,0.0059591365086238,0,0.08927897596016372,Low
10.195.2,0.2597222222222222,0.16400281947863382,0.0033426525700569,0,0.06760671933348768,Low
10.195.3,0.1820999999999999,0.057671153875131526,0.106977616579013,0,0.08725503149746042,Low
10.196.0,0.0861666666666666,0.0,0.7556253092923609,1,0.45337518557541656,Medium
10.196.1,0.198775,0.08051358833755021,0.9139499510662232,1,0.580575405974754,Medium
10.196.2,0.6526666666666667,0.7022821429924982,0.0611632225374884,0,0.3176107907194924,Low
10.196.3,0.1264310344827586,0.0,0.0376949938306283,0,0.02261699629837698,Low
10.196.4,0.1383,0.0,0.0688151313905949,0,0.041289078834356945,Low
10.196.5,0.2526923076923076,0.15437281276643128,0.1529060496770558,0,0.153492754912806,Low
10.196.6,0.2545714285714285,0.15694694743079596,0.4268298321089641,0,0.31887667823769683,Low
10.196.7,0.1062586206896551,0.0,0.5071280716371206,1,0.30427684298227237,Low
10.196.8,0.080875,0.0,0.593080716501842,1,0.3558484299011052,Low
10.196.9,0.06687,0.0,0.1764330843846125,0,0.1058598506307675,Low
10.197.0,0.1553461538461538,0.02102209975897812,0.530102844832624,1,0.3264705468031657,Low
10.197.1,0.354547619047619,0.2939004454070871,0.6063958477445505,1,0.4813976868095651,Medium
10.197.2,0.2196346153846154,0.10908836478938438,0.0496326419097528,0,0.07341493106160543,Low
10.197.3,0.0697236842105263,0.0,0.0147496304684927,0,0.00884977828109562,Low
10.197.4,0.0873026315789473,0.0,0.5742369979437428,1,0.3445421987662457,Low
10.197.5,0.3141086956521738,0.23850473581840817,0.0472276752077632,0,0.1237384994520212,Low
10.197.6,0.1348783783783783,0.0,0.6588859923184195,1,0.39533159539105167,Low
10.198.0,0.1368541666666666,0.0,0.934016976487536,1,0.5604101858925216,Medium
10.199.0,0.1942424242424242,0.07430458895593865,0.0716908606758958,0,0.07273635198791295,Low
10.199.1,0.1579166666666666,0.02454334537441261,0.7908080240800082,1,0.48430215259776993,Medium
10.199.2,0.1270952380952381,0.0,0.0314689895638754,0,0.01888139373832524,Low
10.199.3,0.2766333333333333,0.18716869337621903,0.0067196867172106,0,0.07889928938081398,Low
10.199.4,0.0845135135135135,0.0,0.025653684421891,0,0.0153922106531346,Low
10.199.5,0.3616,0.30356122799831775,0.006065120128665,0,0.1250635632765261,Low
10.199.6,0.0882586206896551,0.0,0.0299214999468289,0,0.01795289996809734,Low
10.200.0,0.3099791666666666,0.23284785454631785,0.0117805514658345,0,0.10020747269802785,Low
10.200.1,0.3309230769230769,0.2615381032670871,0.0161218543751081,0,0.1142883539318997,Low
10.201.0,0.2302638888888888,0.12364899347930863,0.964524314897048,1,0.6281741863299523,Medium
10.201.1,0.1167037037037037,0.0,0.0149913969310171,0,0.00899483815861026,Low
10.201.2,0.1528181818181818,0.01755912912198995,0.8383195636104334,1,0.5100153898150559,Medium
10.201.3,0.561030303030303,0.5767530496948675,0.0443672977283596,0,0.2573215985149628,Low
10.201.4,0.2558181818181818,0.15865482625117194,0.4566280315264904,0,0.337438749416363,Low
10.202.0,0.1812142857142857,0.05645784829648956,0.8547342488945511,1,0.5354236886553264,Medium
10.202.1,0.3653888888888889,0.3087514796402866,0.0082500366729164,0,0.12845061385986448,Low
10.202.2,0.1927333333333333,0.07223734396710867,0.1336369551333085,0,0.10907711066682857,Low
10.202.3,0.3641153846153846,0.3070069556279849,0.0151330967201077,0,0.13188264028325858,Low
10.202.4,0.3543225806451612,0.29359217404518784,0.0059815264647414,0,0.12102578549691999,Low
10.202.5,0.1316527777777777,0.0,0.9529309640205076,1,0.5717585784123045,Medium
10.203.0,0.1824516129032257,0.058152814726590354,0.0239749124280216,0,0.0376460733474491,Low
10.203.1,0.1145697674418604,0.0,0.614162282184833,1,0.3684973693108998,Low
10.203.2,0.2285555555555555,0.12130881403663214,0.0064377104796141,0,0.052386151902421324,Low
10.203.3,0.2077826086956521,0.09285276142861734,0.4063373924292889,0,0.2809435400290203,Low
10.203.4,0.265078947368421,0.17134078907894784,0.4467905554476497,0,0.33661064890016895,Low
10.203.5,0.2349375,0.13005119171069626,0.0546071575227953,0,0.08478477119795569,Low
10.203.6,0.065921875,0.0,0.4982453119966276,0,0.2989471871979765,Low
10.203.7,0.30385,0.22445174732637352,0.0130383015406171,0,0.09760367985491966,Low
10.204.0,0.029578125,0.0,0.0318191402517801,0,0.01909148415106806,Low
10.204.1,0.1619193548387097,0.030026472345530603,0.0589705330818664,0,0.04739290878733208,Low
10.204.2,0.1418666666666666,0.0025570741227294207,0.0307137893819634,0,0.019451103278269807,Low
10.204.3,0.2633714285714286,0.1690017254379495,0.0600235281339242,0,0.10361480705553433,Low
10.205.0,0.380625,0.32962283613310117,0.1015987862201166,0,0.19280840618531042,Low
10.205.1,0.2615813953488372,0.16654962849206667,0.0247272230880852,0,0.08145618524967779,Low
10.205.2,0.180625,0.0556506086977963,0.5067774711962535,1,0.32632672619687064,Low
10.205.3,0.2901190476190476,0.20564224928328537,0.0091441346343043,0,0.08774338049389674,Low
10.205.4,0.3192142857142857,0.2454986852268499,0.9169050610622118,1,0.648342510728067,Medium
10.206.0,0.0825714285714285,0.0,0.029800995965038,0,0.0178805975790228,Low
10.206.1,0.1109705882352941,0.0,0.5115631820903153,1,0.3069379092541891,Low
10.207.0,0.1996428571428571,0.0817024321101712,0.8114400885786852,1,0.5195450259912796,Medium
10.207.1,0.060891304347826,0.0,0.0214146533387554,0,0.012848792003253241,Low
10.208.0,0.1514347826086956,0.015664064307714096,0.8413797879940422,1,0.5110934985195109,Medium
10.209.0,0.21564,0.10361629641603229,0.0288652663520171,0,0.05876567837762318,Low
10.209.1,0.210375,0.0964039775287979,0.4548801555868536,0,0.31148968436363134,Low
10.210.0,0.2299333333333333,0.12319617827007535,0.0205329064579794,0,0.061598215182817787,Low
10.210.1,0.172,0.04383555638964874,0.4329155565519487,0,0.27728355648702874,Low
