firmware_version,risk_score,avg_device_age_days,older_device_flag,monitoring_priority,monitoring_tier
10.37.1,0.974278195025835,630.8028324378853,1,0.9819947365180846,Immediate Monitoring
10.51.0,0.968722147697802,661.325724006003,1,0.9781055033884614,Immediate Monitoring
10.105.2,0.9672877426621754,667.5057418310204,1,0.9771014198635228,Immediate Monitoring
10.27.13,0.9672863494008596,691.1505898132375,1,0.9771004445806017,Immediate Monitoring
10.143.3,0.9668359368984252,693.1175849324632,1,0.9767851558288976,Immediate Monitoring
10.40.0,0.96343028884385,646.0859709670196,1,0.9744012021906949,Immediate Monitoring
10.176.18,0.9531566705785348,658.2820439816786,1,0.9672096694049743,Immediate Monitoring
10.139.2,0.9507887332408652,681.8527229391115,1,0.9655521132686056,Immediate Monitoring
10.193.1,0.9381758556793124,644.9181474798156,1,0.9567230989755187,Immediate Monitoring
10.99.2,0.9378802082921314,653.2411841343815,1,0.956516145804492,Immediate Monitoring
10.21.1,0.9374817915772576,654.9106251302566,1,0.9562372541040802,Immediate Monitoring
10.17.1,0.9353153893569122,689.943688631564,1,0.9547207725498386,Immediate Monitoring
10.32.2,0.9338663218503934,662.3204196607405,1,0.9537064252952754,Immediate Monitoring
10.99.3,0.922028993279357,693.4646921598791,1,0.9454202952955497,Immediate Monitoring
10.92.0,0.9218372267314968,692.0880103267627,1,0.9452860587120477,Immediate Monitoring
10.84.2,0.9209973874469332,698.6673899822077,1,0.9446981712128533,Immediate Monitoring
10.71.1,0.9199674133200202,688.9256963886409,1,0.9439771893240141,Immediate Monitoring
10.58.0,0.918483869330948,683.744242985728,1,0.9429387085316636,Immediate Monitoring
10.143.7,0.9179881038988776,642.1693388426544,1,0.9425916727292143,Immediate Monitoring
10.96.5,0.916984507149374,630.8223834224409,1,0.9418891550045618,Immediate Monitoring
10.205.4,0.9169050610622118,670.2748628063525,1,0.9418335427435482,Immediate Monitoring
10.52.6,0.9146582890188818,613.1572346560672,1,0.9402608023132173,Immediate Monitoring
10.15.1,0.913498862751167,605.6518272877569,1,0.9394492039258169,Immediate Monitoring
10.87.5,0.9109783320870108,626.4037168410883,1,0.9376848324609075,Immediate Monitoring
10.90.0,0.9103307600583856,614.4775089826068,1,0.93723153204087,Immediate Monitoring
10.98.5,0.9057616820736744,659.4287131230889,1,0.934033177451572,Immediate Monitoring
10.52.4,0.9000485818659905,629.0836239190693,1,0.9300340073061932,Immediate Monitoring
10.157.6,0.8972613328842146,644.6922153603733,1,0.9280829330189502,Immediate Monitoring
10.182.4,0.8956931284958907,626.1294395913185,1,0.9269851899471233,Immediate Monitoring
10.41.8,0.8952608376436012,646.0727755121891,1,0.9266825863505208,Immediate Monitoring
10.149.6,0.8919873982707109,639.7097726255714,1,0.9243911787894976,Immediate Monitoring
10.188.0,0.8916827043124749,642.9753113976423,1,0.9241778930187323,Immediate Monitoring
10.7.0,0.8912806901701105,600.836757614046,1,0.9238964831190772,Immediate Monitoring
10.176.24,0.8856803928496508,677.1936922972989,1,0.9199762749947555,Immediate Monitoring
10.188.2,0.8810675111013362,671.5293979153334,1,0.9167472577709352,Immediate Monitoring
10.12.17,0.8803837667844525,690.2328182641766,1,0.9162686367491166,Immediate Monitoring
10.66.3,0.8717041547405049,677.2343335949508,1,0.9101929083183533,Immediate Monitoring
10.74.14,0.871570694407265,633.0217604013391,1,0.9100994860850855,Immediate Monitoring
10.69.1,0.8715477832669913,671.7806409286809,1,0.9100834482868938,Immediate Monitoring
10.164.7,0.8705944877639894,697.1148165261583,1,0.9094161414347925,Immediate Monitoring
10.164.0,0.8661885012490632,624.9985398517063,1,0.9063319508743441,Immediate Monitoring
10.78.1,0.8647895488500155,675.3088160495131,1,0.9053526841950108,Immediate Monitoring
10.194.7,0.8640035061685734,698.7231318191659,1,0.9048024543180013,Immediate Monitoring
10.108.1,0.8519248213927354,715.9606026573853,1,0.8963473749749147,Enhanced Monitoring
10.56.2,0.8516862608243948,619.753121140465,1,0.8961803825770762,Enhanced Monitoring
10.157.8,0.8498601099140478,610.7667987733511,1,0.8949020769398335,Enhanced Monitoring
10.94.0,0.849054186588133,680.7562140257677,1,0.894337930611693,Enhanced Monitoring
10.146.7,0.8443975591093041,622.93543753026,1,0.891078291376513,Enhanced Monitoring
10.208.0,0.8413797879940422,699.9841669961556,1,0.8889658515958294,Enhanced Monitoring
10.83.0,0.8384612835921259,604.8554556650768,1,0.8869228985144881,Enhanced Monitoring
10.201.2,0.8383195636104334,671.9334222209616,1,0.8868236945273034,Enhanced Monitoring
10.32.1,0.8339037784822086,625.8987099779291,1,0.883732644937546,Enhanced Monitoring
10.76.0,0.8283642283503797,657.4335517521441,1,0.8798549598452658,Enhanced Monitoring
10.27.16,0.8246475017184698,706.7111244170018,1,0.8772532512029287,Enhanced Monitoring
10.55.4,0.8212932785362831,607.4214213336891,1,0.8749052949753982,Enhanced Monitoring
10.110.5,0.812029505788787,675.9160062833141,1,0.8684206540521509,Enhanced Monitoring
10.38.3,0.7999792290550889,720.9468388252077,1,0.8599854603385622,Enhanced Monitoring
10.72.6,0.7963536734264057,662.1244405978636,1,0.8574475713984839,Enhanced Monitoring
10.99.5,0.7897751759268792,686.6090230253269,1,0.8528426231488153,Enhanced Monitoring
10.144.2,0.7890210362142738,665.2242252624435,1,0.8523147253499916,Enhanced Monitoring
10.38.6,0.7869372675200497,719.4443934845273,1,0.8508560872640347,Enhanced Monitoring
10.146.5,0.7815900390329282,724.5356013787384,1,0.8471130273230496,Enhanced Monitoring
10.148.1,0.781272330732249,658.3349232405409,1,0.8468906315125742,Enhanced Monitoring
10.69.4,0.7755401159550535,696.0681233507721,1,0.8428780811685375,Enhanced Monitoring
10.176.10,0.766232475696005,685.2646311730026,1,0.8363627329872034,Enhanced Monitoring
10.54.2,0.7652941948243024,641.8382862597282,1,0.8357059363770116,Enhanced Monitoring
10.96.2,0.7645584220903959,663.4087232397613,1,0.8351908954632772,Enhanced Monitoring
10.23.1,0.7606637350381281,704.9427403375242,1,0.8324646145266896,Enhanced Monitoring
10.196.0,0.7556253092923609,706.2280780477372,1,0.8289377165046525,Enhanced Monitoring
10.185.0,0.7499454666563946,726.6957160267842,1,0.8249618266594763,Enhanced Monitoring
10.133.3,0.7488006708374271,730.6408983439545,1,0.8241604695861988,Enhanced Monitoring
10.176.1,0.7473279614593475,686.6630910600092,1,0.8231295730215433,Enhanced Monitoring
10.184.2,0.7467906369784315,664.8386159092781,1,0.822753445884902,Enhanced Monitoring
10.11.1,0.7420395755578478,625.3290137615099,1,0.8194277028904935,Enhanced Monitoring
10.34.1,0.7377616078022964,672.4467693449701,1,0.8164331254616075,Enhanced Monitoring
10.114.2,0.7331196632362151,658.6724670554257,1,0.8131837642653506,Enhanced Monitoring
10.110.8,0.7313949927569909,639.7761314449803,1,0.8119764949298935,Enhanced Monitoring
10.110.10,0.7264490344392649,610.9318320868891,1,0.8085143241074855,Enhanced Monitoring
10.158.5,0.7251039351877814,742.8830110575868,1,0.8075727546314468,Enhanced Monitoring
10.53.2,0.7246474532366842,739.6525060172672,1,0.807253217265679,Enhanced Monitoring
10.70.1,0.7243108320038345,620.8871133308824,1,0.8070175824026842,Enhanced Monitoring
10.25.8,0.7197749550521727,681.5159244364478,1,0.8038424685365209,Enhanced Monitoring
10.74.3,0.7118589145275452,706.171474842826,1,0.7983012401692816,Enhanced Monitoring
10.25.5,0.7117233043152854,703.8035493421079,1,0.7982063130206998,Enhanced Monitoring
10.120.0,0.7104162410663394,710.8223994628352,1,0.7972913687464376,Enhanced Monitoring
10.195.0,0.7099653458964966,686.0134310476602,1,0.7969757421275476,Enhanced Monitoring
10.60.1,0.7090389198275503,603.8204808406979,1,0.7963272438792852,Enhanced Monitoring
10.59.1,0.7085472554117114,712.5846738369388,1,0.7959830787881979,Enhanced Monitoring
10.12.3,0.7015677957354871,704.8193086903034,1,0.7910974570148409,Enhanced Monitoring
10.55.8,0.6960725787775449,705.5477463580359,1,0.7872508051442815,Enhanced Monitoring
10.2.0,0.6960725787775449,724.6635518879349,1,0.7872508051442815,Enhanced Monitoring
10.12.6,0.695175128652259,696.22421009246,1,0.7866225900565812,Enhanced Monitoring
10.73.2,0.6944083670772675,714.2124881825891,1,0.7860858569540872,Enhanced Monitoring
10.161.3,0.6842086797565008,714.144534453531,1,0.7789460758295506,Enhanced Monitoring
10.117.3,0.6795799093056046,713.0672436654121,1,0.7757059365139232,Enhanced Monitoring
10.18.0,0.6722515102365694,722.1259943963069,1,0.7705760571655985,Enhanced Monitoring
10.27.7,0.6672023346590291,735.3834377111759,1,0.7670416342613203,Enhanced Monitoring
10.30.3,0.6663743454478394,715.4316146236403,1,0.7664620418134875,Enhanced Monitoring
10.177.3,0.6645522490021456,739.174217827591,1,0.7651865743015018,Enhanced Monitoring
10.89.1,0.663725673182559,705.4130257290516,1,0.7646079712277913,Enhanced Monitoring
10.110.7,0.6538018068073151,693.0601460442631,1,0.7576612647651206,Enhanced Monitoring
10.109.5,0.6514824947186906,735.6552059294529,1,0.7560377463030834,Enhanced Monitoring
10.129.0,0.636323176342523,741.486056709917,1,0.7454262234397661,Enhanced Monitoring
10.174.0,0.635018712870275,743.5468728459488,1,0.7445130990091924,Enhanced Monitoring
10.43.1,0.6292262851529324,714.9559136439411,1,0.7404583996070526,Enhanced Monitoring
10.149.2,0.6228380969046694,651.2096873840153,1,0.7359866678332685,Enhanced Monitoring
10.91.4,0.6193492219364695,708.8850461503827,1,0.7335444553555286,Enhanced Monitoring
10.80.2,0.6163826377560727,744.5128526592055,1,0.7314678464292509,Enhanced Monitoring
10.12.13,0.6156559087091432,693.7345569602559,1,0.7309591360964003,Enhanced Monitoring
10.111.0,0.6142857287906083,728.1312631936398,1,0.7300000101534257,Enhanced Monitoring
10.151.3,0.5980939377203361,704.0960763597205,1,0.7186657564042352,Enhanced Monitoring
10.196.8,0.593080716501842,693.6468599800264,1,0.7151565015512894,Enhanced Monitoring
10.10.1,0.5784801447476728,727.4084929636296,1,0.704936101323371,Enhanced Monitoring
10.94.4,0.5719661909318312,715.3024787194635,1,0.7003763336522818,Enhanced Monitoring
10.71.4,0.5613156962070904,670.4453777178489,1,0.6929209873449633,Enhanced Monitoring
10.74.1,0.5519582623428392,601.2841385399869,1,0.6863707836399874,Enhanced Monitoring
10.77.0,0.9775936682838406,392.4471877449316,0,0.6843155677986884,Enhanced Monitoring
10.51.1,0.9714638358931956,249.29080453274992,0,0.680024685125237,Enhanced Monitoring
10.109.7,0.9709579744568174,411.7287714062229,0,0.6796705821197722,Enhanced Monitoring
10.164.1,0.9650172592121292,575.4436658237636,0,0.6755120814484904,Enhanced Monitoring
10.201.0,0.964524314897048,583.9276646226004,0,0.6751670204279336,Enhanced Monitoring
10.143.5,0.9632747182801022,336.47343015598744,0,0.6742923027960716,Enhanced Monitoring
10.112.0,0.5344805109625881,716.2847040045519,1,0.6741363576738116,Enhanced Monitoring
10.72.2,0.96281765829009,533.0609195524246,0,0.673972360803063,Enhanced Monitoring
10.183.9,0.9623649162807651,420.23651785369753,0,0.6736554413965355,Enhanced Monitoring
10.168.5,0.9621693123856292,555.6277902768518,0,0.6735185186699404,Enhanced Monitoring
10.169.3,0.9591444440181008,535.585724657317,0,0.6714011108126705,Enhanced Monitoring
10.120.6,0.9580267771829616,591.9066401422041,0,0.6706187440280731,Enhanced Monitoring
10.133.2,0.957768012637322,531.9434293147616,0,0.6704376088461254,Enhanced Monitoring
10.46.5,0.9574437873331616,500.19482535113553,0,0.6702106511332131,Enhanced Monitoring
10.134.1,0.9560830603181768,410.26869873717914,0,0.6692581422227237,Enhanced Monitoring
10.137.3,0.9545792044817836,528.0646780579993,0,0.6682054431372485,Enhanced Monitoring
10.55.13,0.954513050231962,411.4744792535614,0,0.6681591351623734,Enhanced Monitoring
10.131.11,0.9536716135714814,545.8061061751799,0,0.667570129500037,Enhanced Monitoring
10.202.5,0.9529309640205076,502.30244180836127,0,0.6670516748143552,Enhanced Monitoring
10.137.4,0.952563495907544,529.4177049694548,0,0.6667944471352807,Enhanced Monitoring
10.55.15,0.9522498713455656,437.9883989674469,0,0.6665749099418958,Enhanced Monitoring
10.13.3,0.952149963460944,485.3472891809546,0,0.6665049744226608,Enhanced Monitoring
10.102.4,0.9516363439112367,532.1693039670839,0,0.6661454407378656,Enhanced Monitoring
10.163.3,0.951239028925534,425.21229456223136,0,0.6658673202478738,Enhanced Monitoring
10.65.1,0.5212744449612969,699.3276730102508,1,0.6648921114729078,Enhanced Monitoring
10.32.6,0.9497120069258124,593.7746419182058,0,0.6647984048480686,Enhanced Monitoring
10.62.0,0.9485335812461244,457.4281093248835,0,0.6639735068722871,Enhanced Monitoring
10.184.1,0.9471978722821444,547.2487910957398,0,0.663038510597501,Enhanced Monitoring
10.40.5,0.9431682633985484,487.11316168950697,0,0.6602177843789838,Enhanced Monitoring
10.102.0,0.941376157330176,565.4463204032539,0,0.6589633101311232,Enhanced Monitoring
10.206.1,0.5115631820903153,713.5350529387398,1,0.6580942274632207,Enhanced Monitoring
10.189.2,0.5115631820903153,707.7561581411733,1,0.6580942274632207,Enhanced Monitoring
10.149.4,0.9361349393941744,531.377147936877,0,0.655294457575922,Enhanced Monitoring
10.40.3,0.9355351899035448,400.7388367814927,0,0.6548746329324813,Enhanced Monitoring
10.176.16,0.5068503738987629,731.0051418444262,1,0.6547952617291339,Enhanced Monitoring
10.198.0,0.934016976487536,485.62415773823034,0,0.6538118835412752,Enhanced Monitoring
10.143.9,0.931576227365925,495.35144121046915,0,0.6521033591561475,Enhanced Monitoring
10.170.2,0.9290689365237648,434.429114919238,0,0.6503482555666353,Enhanced Monitoring
10.22.2,0.9279128585891476,596.3740401450872,0,0.6495390010124032,Standard Monitoring
10.111.7,0.926070905372062,522.238701277587,0,0.6482496337604434,Standard Monitoring
10.154.7,0.9238700107186189,570.8860034832328,0,0.6467090075030332,Standard Monitoring
10.52.2,0.9225101548859216,583.4502042128853,0,0.6457571084201451,Standard Monitoring
10.189.1,0.9222907568621612,481.369933518626,0,0.6456035298035128,Standard Monitoring
10.74.19,0.9210825481263676,571.7268176843745,0,0.6447577836884573,Standard Monitoring
10.71.0,0.9197690765641856,467.4523648229095,0,0.6438383535949299,Standard Monitoring
10.41.0,0.9190924866094222,584.123635665654,0,0.6433647406265955,Standard Monitoring
10.81.0,0.9177332978723992,598.4889498429424,0,0.6424133085106795,Standard Monitoring
10.38.7,0.9166414283536416,513.792755116844,0,0.6416489998475491,Standard Monitoring
10.62.3,0.9160840960683692,594.9703504778664,0,0.6412588672478584,Standard Monitoring
10.25.12,0.9144530192728468,368.3709996778431,0,0.6401171134909928,Standard Monitoring
10.196.1,0.9139499510662232,447.9751297256896,0,0.6397649657463562,Standard Monitoring
10.190.0,0.9118757880767924,585.5215525786599,0,0.6383130516537546,Standard Monitoring
10.38.1,0.9109333727387624,537.0184529815352,0,0.6376533609171336,Standard Monitoring
10.112.2,0.9093574146557628,441.1773037990875,0,0.6365501902590339,Standard Monitoring
10.60.0,0.9081870338628858,536.8818979572053,0,0.6357309237040201,Standard Monitoring
10.189.3,0.9070710853883204,537.5608510141866,0,0.6349497597718242,Standard Monitoring
10.146.3,0.9058822810092656,537.915661925752,0,0.6341175967064859,Standard Monitoring
10.72.5,0.9055764995382688,577.435766054099,0,0.6339035496767881,Standard Monitoring
10.176.15,0.9042432070757368,581.3167075167952,0,0.6329702449530157,Standard Monitoring
10.175.3,0.8997475993166191,530.8928386582895,0,0.6298233195216333,Standard Monitoring
10.169.2,0.8994191583148212,442.8059995389858,0,0.6295934108203748,Standard Monitoring
10.120.4,0.8994191583148212,449.3444792184513,0,0.6295934108203748,Standard Monitoring
10.177.4,0.8990803501859259,530.4517676132614,0,0.6293562451301481,Standard Monitoring
10.53.3,0.8966675349067565,343.09754089952804,0,0.6276672744347296,Standard Monitoring
10.164.2,0.8965339402103178,528.1024718013531,0,0.6275737581472225,Standard Monitoring
10.26.2,0.8933594259910875,514.624018546042,0,0.6253515981937612,Standard Monitoring
10.25.7,0.8920854967533843,414.547042392533,0,0.624459847727369,Standard Monitoring
10.141.2,0.8916025046938595,457.9003314822937,0,0.6241217532857016,Standard Monitoring
10.183.1,0.8903570457309247,587.1865350403096,0,0.6232499320116472,Standard Monitoring
10.163.0,0.887389504008679,506.1885402236387,0,0.6211726528060753,Standard Monitoring
10.183.7,0.887389504008679,500.1665189534778,0,0.6211726528060753,Standard Monitoring
10.182.0,0.8864854304375183,480.5932190577951,0,0.6205398013062627,Standard Monitoring
10.133.5,0.8864854304375183,484.0969692102322,0,0.6205398013062627,Standard Monitoring
10.140.3,0.8864854304375183,511.91350289969944,0,0.6205398013062627,Standard Monitoring
10.91.1,0.8864854304375183,493.6927459263693,0,0.6205398013062627,Standard Monitoring
10.74.18,0.8864854304375183,473.43926717685105,0,0.6205398013062627,Standard Monitoring
10.127.0,0.8864854304375183,488.75479919391057,0,0.6205398013062627,Standard Monitoring
10.74.8,0.8845516076281966,497.756708428929,0,0.6191861253397376,Standard Monitoring
10.60.3,0.8845516076281966,486.6317486983482,0,0.6191861253397376,Standard Monitoring
10.136.1,0.884315988483213,545.4497337646065,0,0.6190211919382491,Standard Monitoring
10.194.10,0.8777636178214864,455.678533083739,0,0.6144345324750404,Standard Monitoring
10.117.2,0.8765071468260667,442.1871746640792,0,0.6135550027782466,Standard Monitoring
10.9.4,0.8739439783567096,433.41359328631455,0,0.6117607848496966,Standard Monitoring
10.130.1,0.8734958533951853,543.7083282209725,0,0.6114470973766297,Standard Monitoring
10.145.0,0.8731530240906736,384.8480867055193,0,0.6112071168634715,Standard Monitoring
10.89.5,0.8718273919523887,432.143753577823,0,0.610279174366672,Standard Monitoring
10.176.22,0.8718273919523887,428.8667681030413,0,0.610279174366672,Standard Monitoring
10.12.5,0.8718273919523887,427.6069229342654,0,0.610279174366672,Standard Monitoring
10.10.0,0.4423951995395596,733.6613932874127,1,0.6096766396776917,Standard Monitoring
10.53.7,0.8684847292037041,476.61365881449143,0,0.6079393104425929,Standard Monitoring
10.96.3,0.8635606470058271,526.8550404714729,0,0.6044924529040789,Standard Monitoring
10.192.1,0.861674632002594,592.9415958857737,0,0.6031722424018158,Standard Monitoring
10.157.5,0.8615878245652124,420.13063744503825,0,0.6031114771956486,Standard Monitoring
10.194.1,0.8607321803334355,332.05637044112046,0,0.6025125262334048,Standard Monitoring
10.147.0,0.8586102221981549,352.2122533442978,0,0.6010271555387083,Standard Monitoring
10.176.19,0.8571460227456688,463.4696285493489,0,0.6000022159219681,Standard Monitoring
10.150.1,0.8571460227456688,457.500117783683,0,0.6000022159219681,Standard Monitoring
10.69.3,0.8552521050802514,565.4200236495553,0,0.5986764735561759,Standard Monitoring
10.202.0,0.8547342488945511,495.138323705098,0,0.5983139742261857,Standard Monitoring
10.107.1,0.8539586125663344,422.68625263396007,0,0.5977710287964341,Standard Monitoring
10.177.0,0.8535381803465367,412.4792510794699,0,0.5974767262425756,Standard Monitoring
10.60.8,0.8521522965818786,330.931394017117,0,0.596506607607315,Standard Monitoring
10.97.0,0.4211633018471306,687.6842107982673,1,0.5948143112929913,Standard Monitoring
10.7.4,0.8488857559304391,404.91660815277254,0,0.5942200291513073,Standard Monitoring
10.176.13,0.8442583713283566,385.9491750705157,0,0.5909808599298496,Standard Monitoring
10.60.10,0.8432792337744777,501.2938001912436,0,0.5902954636421344,Standard Monitoring
10.72.1,0.8423494357975313,394.17336527797033,0,0.5896446050582719,Standard Monitoring
10.179.3,0.8414155753356715,387.0159980883497,0,0.58899090273497,Standard Monitoring
10.113.5,0.8370139474343951,577.1794981955152,0,0.5859097632040765,Standard Monitoring
10.156.0,0.8359845861083934,476.3477790420312,0,0.5851892102758753,Standard Monitoring
10.194.9,0.4049250807585936,740.4459279484439,1,0.5834475565310155,Standard Monitoring
10.22.0,0.8314256949384942,597.3843592759658,0,0.5819979864569459,Standard Monitoring
10.74.4,0.8313353790940177,565.1732959838565,0,0.5819347653658123,Standard Monitoring
10.102.1,0.8306753888413722,383.3567854653421,0,0.5814727721889604,Standard Monitoring
10.141.4,0.8304483641846737,519.5464473229565,0,0.5813138549292716,Standard Monitoring
10.194.13,0.8303910563094736,583.837612079394,0,0.5812737394166315,Standard Monitoring
10.80.1,0.8294897442607743,404.1974234197008,0,0.5806428209825419,Standard Monitoring
10.168.6,0.8278689163533296,533.3743183682116,0,0.5795082414473307,Standard Monitoring
10.193.0,0.8276887692200366,444.6702656929443,0,0.5793821384540256,Standard Monitoring
10.184.4,0.8275081311991047,598.0497228744865,0,0.5792556918393733,Standard Monitoring
10.123.3,0.8272060181335871,406.8890601613263,0,0.5790442126935109,Standard Monitoring
10.89.9,0.8265244983250354,256.82546756776827,0,0.5785671488275247,Standard Monitoring
10.91.2,0.8209776724025849,463.3932223237563,0,0.5746843706818094,Standard Monitoring
10.96.0,0.8197132392890454,402.4670561720722,0,0.5737992675023317,Standard Monitoring
10.135.4,0.8187876439850634,561.3186330104445,0,0.5731513507895444,Standard Monitoring
10.123.6,0.8167583064738118,472.2256706631324,0,0.5717308145316682,Standard Monitoring
10.27.14,0.8144105756830451,496.12957481485904,0,0.5700874029781315,Standard Monitoring
10.123.0,0.814187993655553,389.53873211256166,0,0.5699315955588871,Standard Monitoring
10.207.0,0.8114400885786852,412.88272413413983,0,0.5680080620050796,Standard Monitoring
10.94.9,0.8096799393556693,448.9594279663376,0,0.5667759575489685,Standard Monitoring
10.90.4,0.8096799393556693,426.0148342237645,0,0.5667759575489685,Standard Monitoring
10.50.6,0.8096799393556693,422.8138841234008,0,0.5667759575489685,Standard Monitoring
10.176.3,0.8093914735817467,532.3676241892771,0,0.5665740315072226,Standard Monitoring
10.73.0,0.8093914735817467,531.5753201091857,0,0.5665740315072226,Standard Monitoring
10.131.7,0.3790522622134151,680.7223468432684,1,0.5653365835493905,Standard Monitoring
10.184.0,0.8054764298757497,514.2493531069745,0,0.5638335009130248,Standard Monitoring
10.50.0,0.8018099706734888,249.2212617850984,0,0.5612669794714421,Standard Monitoring
10.27.20,0.8007684842139953,496.26473130749827,0,0.5605379389497966,Standard Monitoring
10.55.17,0.8003799745735741,409.3059517446456,0,0.5602659822015018,Standard Monitoring
10.87.2,0.8003799745735741,411.0273234538776,0,0.5602659822015018,Standard Monitoring
10.194.3,0.7979004898822523,385.20015898370053,0,0.5585303429175765,Standard Monitoring
10.62.8,0.7954594280633289,521.6361861373639,0,0.5568215996443302,Standard Monitoring
10.98.4,0.7917300325214187,531.2408187752303,0,0.554211022764993,Standard Monitoring
10.199.1,0.7908080240800082,579.4809602876298,0,0.5535656168560057,Standard Monitoring
10.38.2,0.7908080240800082,553.7355204490244,0,0.5535656168560057,Standard Monitoring
10.166.3,0.7887989311193564,447.9179839099122,0,0.5521592517835494,Standard Monitoring
10.183.2,0.7864317689182483,562.7747266941785,0,0.5505022382427738,Standard Monitoring
10.4.0,0.7863614449934031,437.69932959327286,0,0.5504530114953822,Standard Monitoring
10.27.19,0.7855335542097092,463.48647936716094,0,0.5498734879467964,Standard Monitoring
10.105.6,0.7830459448721403,489.9691290778137,0,0.5481321614104981,Standard Monitoring
10.184.9,0.7830459448721403,471.398873751,0,0.5481321614104981,Standard Monitoring
10.53.0,0.7783579013573826,415.6054481145711,0,0.5448505309501678,Standard Monitoring
10.194.8,0.7748116070809825,371.08948232421,0,0.5423681249566877,Standard Monitoring
10.186.4,0.7664439599969918,408.39957705252107,0,0.5365107719978942,Standard Monitoring
10.122.3,0.7632950871413439,554.9658000317119,0,0.5343065609989407,Standard Monitoring
10.143.14,0.7594766534055286,428.4149338639935,0,0.53163365738387,Standard Monitoring
10.87.6,0.7594766534055286,447.5618111610701,0,0.53163365738387,Standard Monitoring
10.25.2,0.7594766534055286,426.5901523469081,0,0.53163365738387,Standard Monitoring
10.52.3,0.7594694887470087,453.4557594985644,0,0.5316286421229061,Standard Monitoring
10.29.0,0.7523308138075437,550.726560626245,0,0.5266315696652806,Standard Monitoring
10.151.2,0.743157823257381,490.41495331060463,0,0.5202104762801667,Standard Monitoring
10.74.16,0.7406287500444324,394.7922778309323,0,0.5184401250311027,Standard Monitoring
10.113.0,0.7400254306559413,408.35509766461695,0,0.5180178014591589,Standard Monitoring
10.36.1,0.7396401543900214,402.6903730595191,0,0.517748108073015,Standard Monitoring
10.142.1,0.3087641643388643,665.0801709445865,1,0.516134915037205,Standard Monitoring
10.153.0,0.7353863547262403,492.24872382197054,0,0.5147704483083682,Standard Monitoring
10.179.0,0.7336239289271304,501.387526280978,0,0.5135367502489913,Standard Monitoring
10.30.0,0.7328962977613797,151.72328157462027,0,0.5130274084329657,Standard Monitoring
10.114.0,0.7286458761373326,468.5045641680446,0,0.5100521132961328,Standard Monitoring
10.56.0,0.7272303944568721,413.69640384572693,0,0.5090612761198104,Standard Monitoring
10.191.1,0.7191049047290476,324.4911645247504,0,0.5033734333103334,Standard Monitoring
10.141.6,0.7091729283609484,444.0308528328201,0,0.49642104985266383,Standard Monitoring
10.49.3,0.7091729283609484,442.14592614536247,0,0.49642104985266383,Standard Monitoring
10.131.12,0.7082306828358438,467.78909913872496,0,0.4957614779850906,Standard Monitoring
10.60.5,0.7080945432465044,418.3936150365591,0,0.4956661802725531,Standard Monitoring
10.85.0,0.7036743946291218,481.0950006247857,0,0.49257207624038524,Standard Monitoring
10.31.1,0.6992976481032198,595.760686938474,0,0.4895083536722538,Standard Monitoring
10.42.1,0.6955673363758001,400.6659252285187,0,0.48689713546306007,Standard Monitoring
10.87.3,0.6952328133231434,423.2556506990041,0,0.4866629693262003,Standard Monitoring
10.31.2,0.690633464199446,418.64607110429415,0,0.4834434249396122,Standard Monitoring
10.177.1,0.6846780164530342,488.126609534256,0,0.47927461151712386,Standard Monitoring
10.22.5,0.684593224445676,397.2214018102016,0,0.4792152571119732,Standard Monitoring
10.90.1,0.684593224445676,391.16910156363514,0,0.4792152571119732,Standard Monitoring
10.184.10,0.684547686893783,584.5481343940068,0,0.47918338082564804,Standard Monitoring
10.161.2,0.6798971766737889,554.5982002427802,0,0.4759280236716522,Standard Monitoring
10.118.0,0.6738196175485077,412.9530133335801,0,0.47167373228395537,Standard Monitoring
10.6.0,0.6635527771884616,371.37007403386286,0,0.4644869440319231,Standard Monitoring
10.183.4,0.6617234425835948,404.8146641495955,0,0.46320640980851635,Standard Monitoring
10.176.5,0.6603805043918248,502.3649631543587,0,0.4622663530742773,Standard Monitoring
10.107.2,0.6603703512079342,449.6219127793997,0,0.4622592458455539,Standard Monitoring
10.30.4,0.6602358293413079,403.61277157493464,0,0.4621650805389155,Standard Monitoring
10.60.9,0.6599322957480581,375.408530032892,0,0.46195260702364066,Standard Monitoring
10.194.6,0.6589080983314721,237.34856470577824,0,0.46123566883203043,Standard Monitoring
10.197.6,0.6588859923184195,395.8380658110665,0,0.4612201946228936,Standard Monitoring
10.13.1,0.6587870999228044,364.7480528392741,0,0.46115096994596305,Standard Monitoring
10.140.6,0.6585271982607848,515.5394395494612,0,0.4609690387825493,Standard Monitoring
10.118.3,0.6582442180027316,390.2675127157198,0,0.4607709526019121,Standard Monitoring
10.40.7,0.6567748951258546,362.80602351498686,0,0.4597424265880982,Standard Monitoring
10.94.5,0.6567748951258546,369.4162980515188,0,0.4597424265880982,Standard Monitoring
10.192.0,0.6559804976086215,455.7596285962072,0,0.45918634832603505,Standard Monitoring
10.6.2,0.650851144355119,298.86939748058904,0,0.45559580104858327,Standard Monitoring
10.119.0,0.6499260788717836,556.3840643542964,0,0.45494825521024845,Standard Monitoring
10.120.5,0.6452506923123256,201.1707637470641,0,0.4516754846186279,Standard Monitoring
10.36.2,0.6431240173182877,384.86962483414055,0,0.45018681212280137,Standard Monitoring
10.4.4,0.6431240173182877,396.4711649222135,0,0.45018681212280137,Standard Monitoring
10.49.0,0.6420812959314913,596.0671151833016,0,0.4494569071520439,Standard Monitoring
10.110.0,0.6417349359538559,330.31989751539356,0,0.4492144551676991,Standard Monitoring
10.13.0,0.6382834510737613,217.79171446500413,0,0.44679841575163287,Standard Monitoring
10.172.0,0.2018932503671063,644.3988273410023,1,0.4413252752569744,Standard Monitoring
10.133.7,0.6304551685923871,384.8145563514788,0,0.441318618014671,Standard Monitoring
10.143.8,0.6300265639030912,519.5202917589552,0,0.4410185947321638,Standard Monitoring
10.106.0,0.6257315513904226,500.8826015006551,0,0.4380120859732958,Standard Monitoring
10.18.4,0.6230890080951683,349.2737904777256,0,0.4361623056666178,Standard Monitoring
10.124.0,0.6223980923554527,214.79125149371023,0,0.4356786646488169,Standard Monitoring
10.136.3,0.6169025412354392,364.41136865317,0,0.4318317788648074,Standard Monitoring
10.126.0,0.6167898454733204,155.66750927922118,0,0.43175289183132426,Standard Monitoring
10.110.1,0.6147167429445763,511.9950381597047,0,0.43030172006120343,Standard Monitoring
10.46.1,0.6144452137919808,472.6264958602495,0,0.43011164965438653,Standard Monitoring
10.203.1,0.614162282184833,339.49646662670534,0,0.42991359752938313,Standard Monitoring
10.157.2,0.6089505583162124,145.86817736585513,0,0.4262653908213486,Standard Monitoring
10.157.0,0.6079099982646952,512.71897347386,0,0.4255369987852866,Standard Monitoring
10.186.3,0.6079099982646952,495.83598961417783,0,0.4255369987852866,Standard Monitoring
10.136.4,0.6066807469324842,399.65714742122935,0,0.42467652285273894,Standard Monitoring
10.197.1,0.6063958477445505,141.94106062695624,0,0.4244770934211853,Standard Monitoring
10.122.2,0.1728258356228379,667.739738334502,1,0.42097808493598654,Standard Monitoring
10.9.1,0.1705474620877876,657.2719639124326,1,0.4193832234614513,Standard Monitoring
10.117.1,0.5968955424592197,521.7956147639098,0,0.41782687972145377,Standard Monitoring
10.176.27,0.5962383061528801,585.4415494258923,0,0.41736681430701605,Standard Monitoring
10.14.1,0.1649958680497403,704.7836553664912,1,0.4154971076348182,Standard Monitoring
10.41.6,0.164657553075208,706.9825466929088,1,0.41526028715264557,Standard Monitoring
10.38.5,0.5925962229688029,353.8149036431222,0,0.414817356078162,Standard Monitoring
10.148.0,0.5922456376801509,465.85837617015056,0,0.4145719463761056,Standard Monitoring
10.196.5,0.1529060496770558,624.6924598920044,1,0.407034234773939,Standard Monitoring
10.98.1,0.5809053855954263,441.07576518484234,0,0.40663376991679834,Standard Monitoring
10.100.1,0.5809053855954263,454.54308888063184,0,0.40663376991679834,Standard Monitoring
10.131.2,0.1498258566311649,624.7710261414094,1,0.4048780996418154,Standard Monitoring
10.123.2,0.1471531532111073,650.7361154884223,1,0.4030072072477751,Standard Monitoring
10.197.4,0.5742369979437428,575.7293499400175,0,0.40196589856062,Standard Monitoring
10.15.4,0.5728000852941556,504.45276532631914,0,0.4009600597059089,Standard Monitoring
10.184.6,0.1433981748856161,672.6720838475322,1,0.4003787224199312,Standard Monitoring
10.23.0,0.1421157491415695,712.5092607976775,1,0.3994810243990986,Standard Monitoring
10.87.1,0.5654073380021567,459.5277510182184,0,0.39578513660150966,Standard Monitoring
10.131.8,0.5640517018239214,542.7759877976881,0,0.39483619127674496,Standard Monitoring
10.74.12,0.1326904659437511,677.545642566007,1,0.39288332616062577,Standard Monitoring
10.163.1,0.5536444382431348,386.73527796510666,0,0.38755110677019433,Standard Monitoring
10.66.0,0.1244526977229203,641.4773253598281,1,0.3871168884060442,Standard Monitoring
10.182.1,0.550051672672125,137.67136985983538,0,0.38503617087048747,Standard Monitoring
10.140.2,0.5470854177995071,174.08932731898315,0,0.382959792459655,Standard Monitoring
10.27.5,0.5455143869139915,408.82372182757973,0,0.381860070839794,Standard Monitoring
10.52.1,0.5434627927798155,325.2271256607787,0,0.3804239549458708,Standard Monitoring
10.19.1,0.1133472974316788,722.2663731442678,1,0.37934310820217515,Standard Monitoring
10.0.2,0.5419003266242953,299.16258912023926,0,0.3793302286370067,Standard Monitoring
10.143.4,0.5391429865361462,333.0750086527683,0,0.3774000905753023,Standard Monitoring
10.130.4,0.1101552876124035,734.0747694371341,1,0.37710870132868246,Standard Monitoring
10.49.4,0.5365385852280248,90.1590630921888,0,0.3755770096596173,Standard Monitoring
10.102.2,0.5334839315853477,259.1529677436836,0,0.37343875210974337,Standard Monitoring
10.108.2,0.1044170578694292,646.0263105114796,1,0.3730919405086004,Standard Monitoring
10.186.1,0.1037826400202203,708.7832226888435,1,0.3726478480141542,Standard Monitoring
10.172.2,0.1034413454051593,680.5429114282467,1,0.3724089417836115,Standard Monitoring
10.46.3,0.1028569814743171,691.6407455936146,1,0.37199988703202197,Standard Monitoring
10.25.3,0.5314090238742792,393.98448345847993,0,0.37198631671199545,Standard Monitoring
10.205.0,0.1015987862201166,682.2170071948274,1,0.3711191503540816,Standard Monitoring
10.15.6,0.1015316507614731,690.327218735493,1,0.37107215553303113,Standard Monitoring
10.197.0,0.530102844832624,529.0800719163611,0,0.3710719913828368,Standard Monitoring
10.89.0,0.5289458356417894,595.6636870446334,0,0.37026208494925256,Standard Monitoring
10.25.4,0.0985089817359024,684.5017072174834,1,0.3689562872151317,Standard Monitoring
10.120.2,0.5257878526226426,117.85230926365698,0,0.3680514968358498,Standard Monitoring
10.5.2,0.5244108160627493,578.0532715635148,0,0.3670875712439245,Standard Monitoring
10.12.9,0.5242155767075524,331.9808820636613,0,0.36695090369528666,Standard Monitoring
10.175.1,0.0944624444976144,748.2991397753458,1,0.3661237111483301,Standard Monitoring
10.27.4,0.0919262391063539,651.9828598867208,1,0.3643483673744477,Standard Monitoring
10.62.9,0.5193835890715781,498.26619838759615,0,0.3635685123501047,Standard Monitoring
10.12.7,0.0873874388127602,686.7150159164734,1,0.36117120716893214,Standard Monitoring
10.71.9,0.5156059606973612,304.17438845150525,0,0.36092417248815284,Standard Monitoring
10.50.3,0.0858290885924617,621.8978560720712,1,0.36008036201472315,Standard Monitoring
10.28.1,0.5131010368752331,356.0055802187072,0,0.3591707258126632,Standard Monitoring
10.74.2,0.5111720172299071,264.7787723736904,0,0.35782041206093496,Standard Monitoring
10.12.10,0.5109125613465596,498.6201240308195,0,0.3576387929425917,Standard Monitoring
10.170.0,0.5097818767879436,365.5158673716653,0,0.35684731375156054,Standard Monitoring
10.27.6,0.5097818767879436,364.6066424697329,0,0.35684731375156054,Standard Monitoring
10.59.0,0.0811234124684958,691.1439854180614,1,0.35678638872794705,Standard Monitoring
10.196.7,0.5071280716371206,508.3408803653138,0,0.3549896501459844,Standard Monitoring
10.205.2,0.5067774711962535,390.6311188446854,0,0.3547442298373774,Standard Monitoring
10.103.7,0.5063329306835074,301.67002888963395,0,0.35443305147845516,Standard Monitoring
10.99.1,0.0771110197620689,626.1930140317743,1,0.3539777138334482,Standard Monitoring
10.150.2,0.0767392832797165,714.6099112165248,1,0.35371749829580157,Standard Monitoring
10.125.0,0.0763291784403379,684.5991019762139,1,0.3534304249082365,Standard Monitoring
10.74.11,0.0753985898638132,725.1611088599888,1,0.35277901290466923,Standard Monitoring
10.89.7,0.0753985898638132,706.4316962183274,1,0.35277901290466923,Standard Monitoring
10.173.0,0.5025711324813202,167.58778441981815,0,0.35179979273692413,Standard Monitoring
10.53.5,0.501541181767501,530.0278445616615,0,0.35107882723725065,Standard Monitoring
10.140.1,0.4982453119966276,274.536945545787,0,0.34877171839763926,Standard Monitoring
10.90.3,0.4982453119966276,266.3585310208089,0,0.34877171839763926,Standard Monitoring
10.203.6,0.4982453119966276,254.302726365936,0,0.34877171839763926,Standard Monitoring
10.164.6,0.0693167639445274,680.1056938300651,1,0.34852173476116916,Standard Monitoring
10.5.1,0.0689576920359115,617.7966289218422,1,0.348270384425138,Standard Monitoring
10.168.4,0.067645660916991,694.9844477779847,1,0.34735196264189366,Standard Monitoring
10.186.2,0.4924668465564797,439.717912842016,0,0.34472679258953576,Standard Monitoring
10.70.0,0.0624560742638379,689.3352334595039,1,0.3437192519846865,Standard Monitoring
10.130.0,0.4886261597593682,460.3591402072151,0,0.3420383118315577,Standard Monitoring
10.204.3,0.0600235281339242,620.1810185219022,1,0.34201646969374694,Standard Monitoring
10.60.12,0.4874218948863562,422.43656241671346,0,0.3411953264204493,Standard Monitoring
10.135.0,0.4874218948863562,448.6478624508543,0,0.3411953264204493,Standard Monitoring
10.160.0,0.0577611875532066,604.4909100037958,1,0.3404328312872446,Standard Monitoring
10.41.7,0.056838694877744,641.0714715343971,1,0.3397870864144208,Standard Monitoring
10.52.5,0.0566940991550205,723.3308174220944,1,0.3396858694085143,Standard Monitoring
10.151.5,0.0555579884213417,747.0191830839251,1,0.3388905918949392,Standard Monitoring
10.55.14,0.0554019194444613,669.6466287033487,1,0.3387813436111229,Standard Monitoring
10.168.3,0.4791057943860235,561.495790944613,0,0.3353740560702164,Standard Monitoring
10.25.9,0.0503103051226789,622.4271531117406,1,0.3352172135858752,Standard Monitoring
10.176.26,0.0460998708324449,684.7772313234547,1,0.3322699095827114,Standard Monitoring
10.161.1,0.0456617697324977,637.5649115329327,1,0.33196323881274836,Standard Monitoring
10.201.3,0.0443672977283596,678.6013395283645,1,0.3310571084098517,Standard Monitoring
10.15.0,0.0437910955642097,689.5506707972559,1,0.3306537668949468,Standard Monitoring
10.49.1,0.4706433058450211,321.42417636171695,0,0.32945031409151476,Standard Monitoring
10.158.4,0.4676947675587091,480.00462126596966,0,0.32738633729109634,Standard Monitoring
10.166.0,0.0372293559470626,631.623429833956,1,0.3260605491629438,Standard Monitoring
10.122.0,0.0346341113512589,714.2113132255843,1,0.3242438779458812,Standard Monitoring
10.194.5,0.0342081606503322,719.7268834369079,1,0.3239457124552325,Standard Monitoring
10.189.8,0.0326595549371924,747.8109634368886,1,0.3228616884560347,Standard Monitoring
10.103.1,0.032466710341393,621.8881716699237,1,0.32272669723897507,Standard Monitoring
10.128.7,0.460262078742239,205.35923192980425,0,0.3221834551195673,Standard Monitoring
10.67.0,0.0305630348933434,722.9559561421576,1,0.3213941244253404,Standard Monitoring
10.143.13,0.0301246719485435,664.7261337431547,1,0.32108727036398044,Standard Monitoring
10.201.4,0.4566280315264904,219.65126804703863,0,0.31963962206854324,Standard Monitoring
10.209.1,0.4548801555868536,473.7404306135975,0,0.31841610891079747,Standard Monitoring
10.151.4,0.0254450510931763,642.3723696774516,1,0.3178115357652234,Standard Monitoring
10.41.1,0.0251585092652334,636.4304699999062,1,0.31761095648566334,Standard Monitoring
10.111.5,0.023803150823672,742.9706792677458,1,0.3166622055765704,Standard Monitoring
10.134.0,0.0229466298325364,634.5890179365366,1,0.31606264088277547,Standard Monitoring
10.143.11,0.0223851907379622,629.81675670941,1,0.3156696335165735,Standard Monitoring
10.55.16,0.0220744316522563,703.7145183139602,1,0.3154521021565794,Standard Monitoring
10.71.10,0.0214996241227876,713.7808161716254,1,0.3150497368859513,Standard Monitoring
10.194.11,0.0193572203295116,704.349690356033,1,0.3135500542306581,Standard Monitoring
10.9.0,0.0191378963152128,705.4526090442724,1,0.31339652742064894,Standard Monitoring
10.121.0,0.0184299202691787,740.0532115713845,1,0.31290094418842507,Standard Monitoring
10.12.12,0.0184241176152008,728.8946335501876,1,0.31289688233064056,Standard Monitoring
10.55.12,0.4469289235753632,225.42351431717265,0,0.3128502465027542,Standard Monitoring
10.203.4,0.4467905554476497,422.56660588224054,0,0.31275338881335474,Standard Monitoring
10.153.1,0.0176730954071524,631.5804499603408,1,0.31237116678500665,Standard Monitoring
10.89.2,0.0168562080191783,715.222553496395,1,0.3117993456134248,Standard Monitoring
10.175.4,0.4448959643178987,206.61032735636144,0,0.31142717502252903,Standard Monitoring
10.183.8,0.0144886810836227,603.399285654339,1,0.3101420767585359,Standard Monitoring
10.46.0,0.0143001702546438,702.8151162828939,1,0.31001011917825066,Standard Monitoring
10.7.3,0.0140215397689903,615.0592986715877,1,0.3098150778382932,Standard Monitoring
10.94.2,0.013874574263803,657.1544677065142,1,0.3097122019846621,Standard Monitoring
10.142.2,0.0127734297142327,749.2771018436306,1,0.3089414007999629,Standard Monitoring
10.182.3,0.441070358350868,138.34209871087748,0,0.30874925084560756,Standard Monitoring
10.27.3,0.0123829650640812,619.2632088718435,1,0.3086680755448568,Standard Monitoring
10.94.1,0.012369420843003,731.5552932515022,1,0.3086585945901021,Standard Monitoring
10.103.8,0.0123682958551835,726.1845679683043,1,0.30865780709862844,Standard Monitoring
10.92.1,0.0119466901921514,714.4099079254287,1,0.308362683134506,Standard Monitoring
10.48.0,0.0115779408383948,638.6222313593621,1,0.30810455858687635,Standard Monitoring
10.115.0,0.0096383082198081,711.8423999631615,1,0.30674681575386564,Standard Monitoring
10.154.2,0.0070731783860386,609.4040275915926,1,0.304951224870227,Standard Monitoring
10.13.2,0.4354808780653669,386.241901330322,0,0.3048366146457568,Standard Monitoring
10.210.1,0.4329155565519487,234.75146479951215,0,0.30304088958636405,Standard Monitoring
10.65.2,0.4307771841724013,544.9243520090525,0,0.3015440289206809,Standard Monitoring
10.196.6,0.4268298321089641,147.79921157091724,0,0.2987808824762748,Standard Monitoring
10.149.3,0.4231241143799132,230.4810567853159,0,0.29618688006593924,Standard Monitoring
10.107.0,0.4231241143799132,227.16373536283163,0,0.29618688006593924,Standard Monitoring
10.101.0,0.4153067839027502,123.3349307493062,0,0.29071474873192515,Standard Monitoring
10.162.2,0.4151184102189972,396.80415533675864,0,0.290582887153298,Standard Monitoring
10.203.3,0.4063373924292889,564.5550614861767,0,0.2844361747005022,Standard Monitoring
10.110.2,0.4031634983863919,175.16402986702045,0,0.2822144488704743,Standard Monitoring
10.45.1,0.401645949356726,145.03017548738129,0,0.28115216454970815,Standard Monitoring
10.98.0,0.3999645593281724,169.04157784525017,0,0.27997519152972067,Standard Monitoring
10.94.3,0.3983426301442647,162.61169594417876,0,0.27883984110098525,Standard Monitoring
10.89.3,0.3939156270719959,333.551703391374,0,0.2757409389503971,Standard Monitoring
10.55.5,0.3845276093510751,350.572806699649,0,0.26916932654575254,Standard Monitoring
10.79.1,0.3771494307892699,584.8189928771386,0,0.2640046015524889,Standard Monitoring
10.46.2,0.3768789605431765,530.2443257027336,0,0.2638152723802235,Standard Monitoring
10.182.2,0.3690460562395803,187.3189861156785,0,0.2583322393677062,Standard Monitoring
10.120.3,0.3667478603691436,417.5547828304222,0,0.2567235022584005,Standard Monitoring
10.78.0,0.3637647788834993,408.7893144770073,0,0.2546353452184495,Standard Monitoring
10.18.2,0.3621727811452075,441.35775500846785,0,0.2535209468016452,Standard Monitoring
10.146.1,0.3583488851383357,417.57302904769006,0,0.25084421959683495,Standard Monitoring
10.100.0,0.3580831416230268,301.6374181260453,0,0.25065819913611875,Standard Monitoring
10.109.1,0.3578103367201363,141.47595183021,0,0.2504672357040954,Standard Monitoring
10.55.2,0.3445282038551305,444.8768048700411,0,0.24116974269859134,Standard Monitoring
10.54.1,0.3441307269539368,384.18168179589367,0,0.24089150886775576,Standard Monitoring
10.140.5,0.3270773887922296,178.57360137539118,0,0.22895417215456068,Standard Monitoring
10.65.4,0.3226918840834736,325.4372917438782,0,0.2258843188584315,Standard Monitoring
10.18.1,0.3205364674470883,141.29019613853882,0,0.2243755272129618,Standard Monitoring
10.172.1,0.3181720364436104,568.4424127721301,0,0.2227204255105273,Standard Monitoring
10.185.1,0.3180244966628071,138.55181378240533,0,0.22261714766396493,Standard Monitoring
10.33.0,0.3155904509212551,180.09198797516424,0,0.22091331564487854,Standard Monitoring
10.96.4,0.3135319526520464,376.4722531955993,0,0.21947236685643248,Standard Monitoring
10.5.0,0.306552927429735,375.9456153239584,0,0.21458704920081448,Standard Monitoring
10.191.0,0.3032135958148814,515.5151850719997,0,0.21224951707041695,Standard Monitoring
10.109.3,0.2987923974124037,415.2356882708707,0,0.20915467818868258,Standard Monitoring
10.62.4,0.2925550070557255,375.6262739274078,0,0.20478850493900785,Standard Monitoring
10.123.5,0.2903423328635612,415.54334539715063,0,0.20323963300449283,Standard Monitoring
10.133.6,0.2899377900603685,369.96213679234427,0,0.20295645304225796,Standard Monitoring
10.181.1,0.2862697721783296,300.9290213315989,0,0.20038884052483072,Standard Monitoring
10.128.4,0.2857584901271526,478.6147783031073,0,0.20003094308900682,Standard Monitoring
10.70.3,0.2818684145545254,547.098048051204,0,0.19730789018816774,Standard Monitoring
10.38.0,0.2817669588032029,446.9053166583583,0,0.19723687116224203,Standard Monitoring
10.27.15,0.2791100963762484,361.884722084094,0,0.19537706746337385,Standard Monitoring
10.178.0,0.2778840820197585,118.93892264777573,0,0.19451885741383093,Standard Monitoring
10.180.0,0.270506791482196,544.8346156070229,0,0.18935475403753718,Standard Monitoring
10.135.3,0.2659677046731317,146.70085621386153,0,0.18617739327119218,Standard Monitoring
10.11.2,0.2619841822150973,220.1801596702311,0,0.1833889275505681,Standard Monitoring
10.74.6,0.2514434108889354,234.579054219523,0,0.17601038762225477,Standard Monitoring
10.66.4,0.2511249675387298,96.04926312131887,0,0.17578747727711086,Standard Monitoring
10.132.0,0.2503321237162809,356.9828861424351,0,0.17523248660139662,Standard Monitoring
10.111.8,0.2503321237162809,382.2057122862625,0,0.17523248660139662,Standard Monitoring
10.146.2,0.2460141912362839,356.40681836569536,0,0.17220993386539873,Standard Monitoring
10.118.4,0.2435420652067222,400.7180980283868,0,0.17047944564470552,Standard Monitoring
10.163.2,0.2434262678870382,214.4972826398894,0,0.17039838752092673,Standard Monitoring
10.157.7,0.2375484595685963,552.8536057783335,0,0.1662839216980174,Standard Monitoring
10.98.3,0.236744002694605,121.06039059878528,0,0.16572080188622348,Standard Monitoring
10.24.0,0.2310028937395779,226.53543777870993,0,0.16170202561770453,Standard Monitoring
10.164.5,0.2236026624567741,420.2014031939798,0,0.15652186371974186,Standard Monitoring
10.137.6,0.2171044518101184,393.66773352807405,0,0.15197311626708288,Standard Monitoring
10.111.2,0.2109897508895903,290.16547720319386,0,0.1476928256227132,Standard Monitoring
10.123.1,0.2050296505654769,446.8032562543212,0,0.1435207553958338,Standard Monitoring
10.1.0,0.2016427521805509,398.4756413956307,0,0.1411499265263856,Standard Monitoring
10.143.16,0.1868164692028843,418.1304052736725,0,0.130771528442019,Standard Monitoring
10.178.1,0.1854945990684831,305.57045779368576,0,0.12984621934793816,Standard Monitoring
10.55.1,0.1835050836726073,386.0975104677045,0,0.1284535585708251,Standard Monitoring
10.73.1,0.1797784215237106,173.34709190581552,0,0.1258448950665974,Standard Monitoring
10.196.9,0.1764330843846125,227.71026268456447,0,0.12350315906922874,Standard Monitoring
10.25.6,0.1749702345925967,343.1544780648128,0,0.12247916421481768,Standard Monitoring
10.176.14,0.1740292442916396,301.55387009228707,0,0.12182047100414771,Standard Monitoring
10.138.0,0.1717777277348094,217.67517048787877,0,0.12024440941436657,Standard Monitoring
10.71.6,0.1703000716007011,408.11664570369226,0,0.11921005012049075,Standard Monitoring
10.75.3,0.1701793346025444,559.3403992300887,0,0.11912553422178107,Standard Monitoring
10.82.0,0.1627625522799553,420.95137264062106,0,0.11393378659596871,Standard Monitoring
10.72.4,0.1594967871150446,411.0519755136371,0,0.11164775098053122,Standard Monitoring
10.28.0,0.1583306327205371,116.10795433132468,0,0.11083144290437597,Standard Monitoring
10.123.4,0.1566390873296811,336.31686360938374,0,0.10964736113077676,Standard Monitoring
10.62.5,0.1537643953093111,409.5617688929139,0,0.10763507671651777,Standard Monitoring
10.89.4,0.1530481060857486,179.44113655009767,0,0.10713367426002401,Standard Monitoring
10.38.4,0.1473138383871928,440.684369136162,0,0.10311968687103495,Standard Monitoring
10.89.11,0.143483755446277,342.888549249023,0,0.1004386288123939,Standard Monitoring
10.40.4,0.1417300349328043,221.2936546647253,0,0.09921102445296301,Standard Monitoring
10.131.3,0.141072937354678,444.1416054188894,0,0.09875105614827459,Standard Monitoring
10.146.6,0.1349279916414594,485.5231617635706,0,0.09444959414902158,Standard Monitoring
10.202.2,0.1336369551333085,348.41448573707527,0,0.09354586859331594,Standard Monitoring
10.27.10,0.1295719823610017,282.6323368440238,0,0.09070038765270119,Standard Monitoring
10.27.0,0.1295719823610017,263.2567917188893,0,0.09070038765270119,Standard Monitoring
10.74.9,0.1292419746616314,598.1825880163566,0,0.09046938226314197,Standard Monitoring
10.74.7,0.1292048360627363,382.40638457920613,0,0.0904433852439154,Standard Monitoring
10.75.0,0.1224394812406843,361.2157172754205,0,0.085707636868479,Standard Monitoring
10.146.0,0.1206019051683633,380.04714707657183,0,0.08442133361785431,Standard Monitoring
10.180.1,0.1162041720225626,429.6169367367483,0,0.08134292041579382,Standard Monitoring
10.183.3,0.1154474847254236,531.7943796221136,0,0.08081323930779652,Standard Monitoring
10.74.13,0.111562657613839,268.43006972708565,0,0.07809386032968729,Standard Monitoring
10.179.6,0.111562657613839,263.3775845208034,0,0.07809386032968729,Standard Monitoring
10.141.7,0.1097991136754779,378.5177493297229,0,0.07685937957283452,Standard Monitoring
10.142.4,0.1097193481373197,357.1058770572523,0,0.07680354369612379,Standard Monitoring
10.92.2,0.1077022613268332,251.5122940356426,0,0.07539158292878324,Standard Monitoring
10.195.3,0.106977616579013,370.21792074273066,0,0.07488433160530909,Standard Monitoring
10.53.6,0.1065990924964698,277.63027080300316,0,0.07461936474752885,Standard Monitoring
10.105.5,0.1065574079270666,590.5339492493457,0,0.07459018554894661,Standard Monitoring
10.36.0,0.1059954305930962,586.7999109651441,0,0.07419680141516734,Standard Monitoring
10.12.2,0.104801272725165,357.30072506778197,0,0.0733608909076155,Standard Monitoring
10.55.10,0.1015854526131202,571.4841385044493,0,0.07110981682918413,Standard Monitoring
10.110.3,0.1005411323267577,374.008842507978,0,0.07037879262873038,Standard Monitoring
10.89.10,0.1005411323267577,358.3801077440805,0,0.07037879262873038,Standard Monitoring
10.146.8,0.0998588656810605,162.17489605225603,0,0.06990120597674235,Standard Monitoring
10.62.1,0.0987462528911114,577.275036915683,0,0.06912237702377798,Standard Monitoring
10.75.2,0.0936991475188979,551.5465279625005,0,0.06558940326322853,Standard Monitoring
10.131.10,0.0910671904842915,133.2965048637195,0,0.06374703333900404,Standard Monitoring
10.115.1,0.0904134495535576,432.2053634618787,0,0.06328941468749032,Standard Monitoring
10.113.1,0.089341702759054,553.8918530730668,0,0.06253919193133779,Standard Monitoring
10.168.0,0.0893134144479986,95.51410475361146,0,0.06251939011359901,Standard Monitoring
10.179.2,0.0893134144479986,105.76356627063424,0,0.06251939011359901,Standard Monitoring
10.128.6,0.0880817631123461,374.44882147919054,0,0.061657234178642266,Standard Monitoring
10.105.1,0.0870676181508346,373.9160995732467,0,0.06094733270558421,Standard Monitoring
10.154.0,0.0862281125096489,278.2612659224659,0,0.06035967875675423,Standard Monitoring
10.176.17,0.085726573267795,379.1022134204469,0,0.06000860128745649,Standard Monitoring
10.128.5,0.0841931198364745,148.88663091777747,0,0.05893518388553214,Standard Monitoring
10.140.4,0.0841780679738997,139.59434909720713,0,0.05892464758172979,Standard Monitoring
10.19.2,0.0833512161721704,422.027916179262,0,0.058345851320519275,Standard Monitoring
10.149.7,0.0833080392113711,172.55868049202633,0,0.05831562744795977,Standard Monitoring
10.9.3,0.082590839957303,408.26865202263554,0,0.057813587970112094,Standard Monitoring
10.157.1,0.0822048845471054,261.23645290493033,0,0.05754341918297377,Standard Monitoring
10.187.2,0.0812792591908561,583.1682657584673,0,0.056895481433599265,Standard Monitoring
10.2.1,0.0808204431600985,296.477454483741,0,0.05657431021206894,Standard Monitoring
10.143.1,0.0803294815815013,406.44028557884536,0,0.0562306371070509,Standard Monitoring
10.128.3,0.0801822828241576,355.83845247068666,0,0.05612759797691031,Standard Monitoring
10.125.1,0.079839186318865,534.9633862275451,0,0.05588743042320549,Standard Monitoring
10.98.2,0.0748449633060925,277.77789343001314,0,0.05239147431426475,Standard Monitoring
10.103.5,0.0739507488439471,410.0067682126284,0,0.05176552419076297,Standard Monitoring
10.199.0,0.0716908606758958,203.04045103971816,0,0.05018360247312706,Standard Monitoring
10.72.0,0.0711810236771896,276.56045795716494,0,0.049826716574032724,Standard Monitoring
10.196.4,0.0688151313905949,90.5210773215244,0,0.04817059197341643,Standard Monitoring
10.149.5,0.0684161696266463,448.2995673581314,0,0.04789131873865241,Standard Monitoring
10.101.1,0.0679095366048741,118.96151832337078,0,0.04753667562341187,Standard Monitoring
10.32.3,0.06775863743787,534.1853897505268,0,0.047431046206508995,Standard Monitoring
10.144.0,0.0674347808889901,530.4942501523285,0,0.04720434662229307,Standard Monitoring
10.41.2,0.0661115090394191,599.0204288618975,0,0.046278056327593374,Standard Monitoring
10.162.0,0.0645606676955145,359.8919755994035,0,0.04519246738686014,Standard Monitoring
10.187.3,0.0635233325232813,295.7241921852559,0,0.044466332766296905,Standard Monitoring
10.189.4,0.0632705662964188,363.52367622824414,0,0.04428939640749316,Standard Monitoring
10.176.23,0.0616243675418287,519.4003053463882,0,0.043137057279280085,Standard Monitoring
10.168.7,0.0613164362885365,350.2651565914384,0,0.04292150540197555,Standard Monitoring
10.196.2,0.0611632225374884,438.1212660563433,0,0.04281425577624188,Standard Monitoring
10.189.6,0.061156097587581,317.02655996880435,0,0.04280926831130669,Standard Monitoring
10.157.3,0.060861771370307,168.71930354623066,0,0.042603239959214896,Standard Monitoring
10.85.1,0.0607576908735456,340.7500320349296,0,0.04253038361148192,Standard Monitoring
10.176.2,0.0599720916294466,301.31957050276947,0,0.041980464140612614,Standard Monitoring
10.183.11,0.05945542876948,273.1016449686462,0,0.041618800138635996,Standard Monitoring
10.191.2,0.0589705330818664,122.4461472423318,0,0.04127937315730648,Standard Monitoring
10.41.3,0.0589705330818664,115.6165455557894,0,0.04127937315730648,Standard Monitoring
10.204.1,0.0589705330818664,106.98999043316267,0,0.04127937315730648,Standard Monitoring
10.82.1,0.0588545916960625,244.1923440080539,0,0.041198214187243745,Standard Monitoring
10.47.1,0.0578931143149848,213.26986863254535,0,0.040525180020489354,Standard Monitoring
10.181.0,0.0576273020108301,222.1017794245821,0,0.04033911140758107,Standard Monitoring
10.145.1,0.0569890280848758,316.3579030020516,0,0.039892319659413054,Standard Monitoring
10.74.17,0.0565940902252908,297.5265098355276,0,0.03961586315770356,Standard Monitoring
10.91.3,0.0562194116460543,561.7035288122901,0,0.03935358815223801,Standard Monitoring
10.171.0,0.056193525499728,216.73072563884625,0,0.0393354678498096,Standard Monitoring
10.60.13,0.056124336196399,210.5325859670467,0,0.0392870353374793,Standard Monitoring
10.40.2,0.0559199919791604,525.9100161005246,0,0.03914399438541228,Standard Monitoring
10.71.5,0.0558846635792425,360.6156992495504,0,0.03911926450546975,Standard Monitoring
10.203.5,0.0546071575227953,557.785317348132,0,0.038225010265956705,Standard Monitoring
10.20.0,0.0543702148556982,144.72362372035755,0,0.03805915039898874,Standard Monitoring
10.88.0,0.0525596065849385,176.51270872510403,0,0.03679172460945695,Standard Monitoring
10.154.4,0.0523595081266873,333.79254740450614,0,0.0366516556886811,Standard Monitoring
10.81.1,0.0520950239305302,228.94880237080457,0,0.036466516751371136,Standard Monitoring
10.164.4,0.0514918656413544,565.6067518380519,0,0.03604430594894808,Standard Monitoring
10.131.0,0.0511923543729768,518.9101883236995,0,0.03583464806108375,Standard Monitoring
10.40.8,0.0509494720021573,450.7658601780229,0,0.035664630401510106,Standard Monitoring
10.71.8,0.0508665165326515,273.57480269628115,0,0.03560656157285605,Standard Monitoring
10.113.3,0.0504286290651712,217.9008258154142,0,0.035300040345619836,Standard Monitoring
10.189.5,0.0497272031608764,545.0925778775741,0,0.03480904221261348,Standard Monitoring
10.197.2,0.0496326419097528,488.4783949328246,0,0.034742849336826954,Standard Monitoring
10.56.1,0.0493655432251511,169.03288041035103,0,0.03455588025760577,Standard Monitoring
10.130.6,0.0488640566177187,369.713402214559,0,0.03420483963240309,Standard Monitoring
10.151.6,0.0487644843055558,104.89526491356888,0,0.03413513901388906,Standard Monitoring
10.197.5,0.0472276752077632,288.81265456397944,0,0.03305937264543424,Standard Monitoring
10.59.2,0.0470750975845788,433.3521228080394,0,0.032952568309205156,Standard Monitoring
10.8.0,0.0458291023701153,245.4735168323708,0,0.03208037165908071,Standard Monitoring
10.147.1,0.0453397083074681,312.3194829551208,0,0.03173779581522767,Standard Monitoring
10.75.1,0.0452016509541171,505.2846673854728,0,0.03164115566788197,Standard Monitoring
10.4.3,0.0451633028903499,234.79699686952256,0,0.031614312023244925,Standard Monitoring
10.156.1,0.0450049382641506,451.4266264314731,0,0.03150345678490542,Standard Monitoring
10.176.12,0.0449433638528188,251.88434128308245,0,0.03146035469697316,Standard Monitoring
10.91.0,0.044868483448757,187.31958550124904,0,0.03140793841412989,Standard Monitoring
10.4.1,0.0446903697181482,127.6853917738164,0,0.03128325880270374,Standard Monitoring
10.27.17,0.0443256226668395,121.98639343404274,0,0.031027935866787648,Standard Monitoring
10.60.2,0.0438748002627444,176.4696483093073,0,0.030712360183921077,Standard Monitoring
10.113.2,0.042274765507286,134.88675308859754,0,0.029592335855100196,Standard Monitoring
10.103.4,0.0421433988028112,344.9160208973991,0,0.029500379161967835,Standard Monitoring
10.154.3,0.0420626018900235,127.21202354313284,0,0.029443821323016445,Standard Monitoring
10.84.0,0.0419148330384391,599.0083780916664,0,0.029340383126907368,Standard Monitoring
10.167.0,0.0417184616710026,187.74652709390412,0,0.029202923169701817,Standard Monitoring
10.74.15,0.0417116183315054,432.0937892062835,0,0.029198132832053778,Standard Monitoring
10.15.2,0.0413081543931962,102.8048221080222,0,0.028915708075237335,Standard Monitoring
10.159.0,0.0412197599862425,120.81198113352067,0,0.028853831990369748,Standard Monitoring
10.55.0,0.0404017826245737,264.8782606265924,0,0.028281247837201588,Standard Monitoring
10.94.7,0.0400213958278134,381.97986889380775,0,0.02801497707946938,Standard Monitoring
10.176.25,0.0399473527951046,380.6868166329904,0,0.027963146956573218,Standard Monitoring
10.128.1,0.0391963804476736,141.94046562896338,0,0.02743746631337152,Standard Monitoring
10.55.7,0.0389533807135997,189.40322902522263,0,0.02726736649951979,Standard Monitoring
10.92.3,0.0385172825946348,176.83310238197404,0,0.026962097816244358,Standard Monitoring
10.130.5,0.0384413690274749,278.9309633529009,0,0.02690895831923243,Standard Monitoring
10.71.3,0.0383618596990637,442.46383471507335,0,0.02685330178934459,Standard Monitoring
10.155.1,0.0380302286424724,494.3716674852407,0,0.02662116004973068,Standard Monitoring
10.62.6,0.0378030358491481,517.7474039923071,0,0.02646212509440367,Standard Monitoring
10.196.3,0.0376949938306283,183.14323807755244,0,0.026386495681439807,Standard Monitoring
10.118.2,0.037381793363989,266.73104763871754,0,0.0261672553547923,Standard Monitoring
10.158.0,0.0371461901530164,357.07146948804314,0,0.02600233310711148,Standard Monitoring
10.75.4,0.0371108378766028,124.29762476657896,0,0.025977586513621958,Standard Monitoring
10.175.2,0.0370934886917954,275.5087643937747,0,0.025965442084256777,Standard Monitoring
10.65.3,0.0368446904550148,173.88772508868863,0,0.025791283318510362,Standard Monitoring
10.103.6,0.0363822258133501,324.29677643720163,0,0.02546755806934507,Standard Monitoring
10.17.0,0.0363320338032289,137.4584334288541,0,0.02543242366226023,Standard Monitoring
10.113.6,0.0360761360096865,214.83153957564843,0,0.02525329520678055,Standard Monitoring
10.40.1,0.0360265386081431,329.03985784414004,0,0.02521857702570017,Standard Monitoring
10.133.0,0.035789863612598,329.9835564654421,0,0.025052904528818597,Standard Monitoring
10.109.4,0.0354363101569718,196.07081046605057,0,0.02480541710988026,Standard Monitoring
10.27.18,0.035105933155139,228.7822774152285,0,0.024574153208597297,Standard Monitoring
10.183.10,0.0345695193248896,325.9587967619764,0,0.02419866352742272,Standard Monitoring
10.50.4,0.034454012457886,274.5847453206525,0,0.024117808720520197,Standard Monitoring
10.39.1,0.0344291620351853,173.46640196635695,0,0.024100413424629707,Standard Monitoring
10.62.2,0.0343541654455131,311.50210119899486,0,0.024047915811859166,Standard Monitoring
10.93.0,0.0343541654455131,289.502622327656,0,0.024047915811859166,Standard Monitoring
10.46.4,0.0343541654455131,318.10931147452106,0,0.024047915811859166,Standard Monitoring
10.27.12,0.0340693970271522,340.3812948147631,0,0.023848577919006537,Standard Monitoring
10.117.0,0.0339982613431031,267.21005029034694,0,0.02379878294017217,Standard Monitoring
10.176.11,0.0338959965729599,352.143344969305,0,0.023727197601071927,Standard Monitoring
10.143.2,0.0338634917819091,332.4032828452681,0,0.02370444424733637,Standard Monitoring
10.37.2,0.0336345130960607,327.4844344201339,0,0.02354415916724249,Standard Monitoring
10.21.0,0.0332314011322248,314.5471763378296,0,0.023261980792557358,Standard Monitoring
10.7.2,0.0329068797182412,98.46228867699983,0,0.02303481580276884,Standard Monitoring
10.55.11,0.0329068797182412,103.42511404223724,0,0.02303481580276884,Standard Monitoring
10.79.0,0.0326295717231047,339.709403910547,0,0.022840700206173285,Standard Monitoring
10.21.2,0.032510126157523,376.88757788887034,0,0.0227570883102661,Standard Monitoring
10.22.4,0.0320485091756248,302.3130033428642,0,0.02243395642293736,Standard Monitoring
10.204.0,0.0318191402517801,310.58212259167567,0,0.02227339817624607,Standard Monitoring
10.176.6,0.0316189920106754,312.0572321995567,0,0.022133294407472776,Standard Monitoring
10.49.2,0.0315961907099647,338.69501433098026,0,0.02211733349697529,Standard Monitoring
10.29.2,0.0315244615647832,301.5717280782102,0,0.02206712309534824,Standard Monitoring
10.199.2,0.0314689895638754,289.7426248202976,0,0.02202829269471278,Standard Monitoring
10.52.0,0.0312634147031674,141.83392024324715,0,0.02188439029221718,Standard Monitoring
10.120.1,0.0307137893819634,307.3520431384528,0,0.021499652567374378,Standard Monitoring
10.204.2,0.0307137893819634,315.0915960682115,0,0.021499652567374378,Standard Monitoring
10.157.4,0.0306808723157244,238.2243725515747,0,0.02147661062100708,Standard Monitoring
10.3.0,0.030619240784004,154.7093951532203,0,0.0214334685488028,Standard Monitoring
10.152.0,0.030619240784004,164.48637551042307,0,0.0214334685488028,Standard Monitoring
10.80.0,0.030619240784004,153.9003624515643,0,0.0214334685488028,Standard Monitoring
10.151.1,0.0302611973526335,305.7817861680987,0,0.02118283814684345,Standard Monitoring
10.158.3,0.0301927608791059,130.40299437475753,0,0.02113493261537413,Standard Monitoring
10.117.4,0.0299656816019373,351.5429932445224,0,0.02097597712135611,Standard Monitoring
10.199.6,0.0299214999468289,174.60412805490475,0,0.02094504996278023,Standard Monitoring
10.109.6,0.0299214999468289,194.62335445809023,0,0.02094504996278023,Standard Monitoring
10.72.7,0.0298937822246396,503.3311212772017,0,0.02092564755724772,Standard Monitoring
10.206.0,0.029800995965038,98.586740861076,0,0.0208606971755266,Standard Monitoring
10.95.0,0.0297444524581108,313.44565810845387,0,0.02082111672067756,Standard Monitoring
10.131.6,0.0297307160221425,197.24895421313136,0,0.02081150121549975,Standard Monitoring
10.135.2,0.0294778451831803,209.9935873401868,0,0.02063449162822621,Standard Monitoring
10.133.1,0.0292422835574162,233.09742211321148,0,0.02046959849019134,Standard Monitoring
10.209.0,0.0288652663520171,106.09805545266384,0,0.02020568644641197,Standard Monitoring
10.144.1,0.0288475273635705,98.42518150181226,0,0.02019326915449935,Standard Monitoring
10.30.1,0.028528110512419,371.8942146367605,0,0.0199696773586933,Standard Monitoring
10.184.5,0.0285141387748221,460.494843964963,0,0.01995989714237547,Standard Monitoring
10.25.0,0.0283119100121447,326.42456722042806,0,0.01981833700850129,Standard Monitoring
10.187.1,0.0282755297592871,596.9389897563199,0,0.01979287083150097,Standard Monitoring
10.39.0,0.0282665511916622,286.7792351425267,0,0.01978658583416354,Standard Monitoring
10.15.3,0.0281859151836619,305.8244672074274,0,0.01973014062856333,Standard Monitoring
10.194.12,0.0281838822649711,93.53033253818708,0,0.01972871758547977,Standard Monitoring
10.133.8,0.027853326810361,257.7372048843575,0,0.0194973287672527,Standard Monitoring
10.163.4,0.0276964625897285,438.86557294871193,0,0.019387523812809948,Standard Monitoring
10.27.11,0.0274659682797908,204.0198300655176,0,0.019226177795853557,Standard Monitoring
10.29.1,0.027449435724492,511.1723356607377,0,0.0192146050071444,Standard Monitoring
10.74.5,0.0273286083931121,587.5170505657235,0,0.01913002587517847,Standard Monitoring
10.194.0,0.0272217194984454,112.06151184152628,0,0.019055203648911778,Standard Monitoring
10.7.1,0.0272217194984454,124.36778810603803,0,0.019055203648911778,Standard Monitoring
10.184.3,0.0269767256731163,315.94049442425387,0,0.01888370797118141,Standard Monitoring
10.170.1,0.02688777999514,572.2481476087376,0,0.018821445996597998,Standard Monitoring
10.176.9,0.0268707439438163,208.0351052151476,0,0.018809520760671408,Standard Monitoring
10.31.0,0.0267131613639469,299.3910550755326,0,0.018699212954762828,Standard Monitoring
10.68.1,0.0267103013745555,134.2141223012594,0,0.018697210962188848,Standard Monitoring
10.41.9,0.0266855827404515,290.1174078813854,0,0.01867990791831605,Standard Monitoring
10.66.1,0.0265897384055106,118.81621295058562,0,0.01861281688385742,Standard Monitoring
10.86.0,0.0265862154934463,421.277483315368,0,0.018610350845412408,Standard Monitoring
10.109.0,0.0265580969822197,566.766515037647,0,0.01859066788755379,Standard Monitoring
10.170.3,0.0265227482341565,138.95628909224607,0,0.01856592376390955,Standard Monitoring
10.154.5,0.0263489882670622,423.8340869109376,0,0.01844429178694354,Standard Monitoring
10.69.7,0.0263489882670622,431.29783436556687,0,0.01844429178694354,Standard Monitoring
10.131.5,0.0262475293776356,130.6612702930297,0,0.01837327056434492,Standard Monitoring
10.32.4,0.0262475293776356,120.99651878906042,0,0.01837327056434492,Standard Monitoring
10.179.1,0.0262475293776356,127.17996334749829,0,0.01837327056434492,Standard Monitoring
10.50.1,0.0262383391763486,227.43299368142152,0,0.018366837423444016,Standard Monitoring
10.55.9,0.026057333957015,342.81881223786235,0,0.0182401337699105,Standard Monitoring
10.109.2,0.0260373268862302,160.04581274395284,0,0.018226128820361138,Standard Monitoring
10.103.0,0.0257382258288929,90.26501905672431,0,0.01801675808022503,Standard Monitoring
10.27.9,0.0256846632669283,232.1371266840416,0,0.01797926428684981,Standard Monitoring
10.199.4,0.025653684421891,194.4668134615866,0,0.017957579095323698,Standard Monitoring
10.12.11,0.025653684421891,195.20062394912543,0,0.017957579095323698,Standard Monitoring
10.105.3,0.0255618620419166,288.96108303104086,0,0.017893303429341617,Standard Monitoring
10.133.4,0.025542602762757,205.97206225230505,0,0.0178798219339299,Standard Monitoring
10.18.5,0.025542602762757,208.5698038505257,0,0.0178798219339299,Standard Monitoring
10.12.4,0.0255185092413391,148.74642503136582,0,0.017862956468937367,Standard Monitoring
10.89.8,0.0254893977048004,211.16255405439637,0,0.01784257839336028,Standard Monitoring
10.62.7,0.0254292603862219,102.1165334394878,0,0.017800482270355328,Standard Monitoring
10.102.3,0.0254158321782314,215.67290737644072,0,0.01779108252476198,Standard Monitoring
10.137.1,0.0253614450351049,156.40918496690946,0,0.01775301152457343,Standard Monitoring
10.12.14,0.0251837558308605,200.18711816274967,0,0.01762862908160235,Standard Monitoring
10.158.6,0.0251468731188214,200.10760526717348,0,0.017602811183174978,Standard Monitoring
10.131.9,0.0250922903304783,254.9351362803473,0,0.01756460323133481,Standard Monitoring
10.149.1,0.0250254167732245,137.8993667095091,0,0.017517791741257147,Standard Monitoring
10.53.4,0.0249340124222175,190.4706211851321,0,0.01745380869555225,Standard Monitoring
10.103.3,0.0247742173137507,216.38314583935883,0,0.017341952119625487,Standard Monitoring
10.205.1,0.0247272230880852,432.0240883197121,0,0.017309056161659637,Standard Monitoring
10.179.7,0.0246575050231799,198.7137129823674,0,0.017260253516225926,Standard Monitoring
10.176.4,0.024651770144693,214.0163686069549,0,0.017256239101285098,Standard Monitoring
10.136.2,0.0245852494789186,347.64845439098957,0,0.01720967463524302,Standard Monitoring
10.137.2,0.0244201715253257,294.3569946018782,0,0.01709412006772799,Standard Monitoring
10.131.1,0.0243978865206117,106.30021647283344,0,0.017078520564428188,Standard Monitoring
10.42.0,0.0242911197012569,373.4356120719437,0,0.01700378379087983,Standard Monitoring
10.203.0,0.0239749124280216,276.47697001721275,0,0.016782438699615116,Standard Monitoring
10.142.0,0.0238322118819269,488.6432985080701,0,0.016682548317348826,Standard Monitoring
10.142.5,0.0238034382101904,238.6366861426931,0,0.01666240674713328,Standard Monitoring
10.99.0,0.0237353323337257,197.51575195508008,0,0.01661473263360799,Standard Monitoring
10.4.2,0.0235055539880278,162.95848976366315,0,0.016453887791619458,Standard Monitoring
10.166.1,0.0232383758878005,114.8802776789626,0,0.016266863121460348,Standard Monitoring
10.13.4,0.0232039064144723,137.34532687330048,0,0.016242734490130608,Standard Monitoring
10.194.2,0.0231080307653812,246.46645817495752,0,0.01617562153576684,Standard Monitoring
10.130.3,0.023020537960062,152.52768375436713,0,0.0161143765720434,Standard Monitoring
10.50.5,0.0223257387366737,216.4040725530978,0,0.015628017115671588,Standard Monitoring
10.105.7,0.0222717113734063,466.40625516549255,0,0.015590197961384408,Standard Monitoring
10.50.2,0.0222652383870792,255.31874485484389,0,0.01558566687095544,Standard Monitoring
10.176.8,0.0219356565000002,296.7001534643992,0,0.015354959550000139,Standard Monitoring
10.27.2,0.0218819040468433,242.446344948522,0,0.01531733283279031,Standard Monitoring
10.137.0,0.0217035455733175,332.6876153641785,0,0.015192481901322248,Standard Monitoring
10.40.6,0.0215071138514951,130.05082550745033,0,0.01505497969604657,Standard Monitoring
10.207.1,0.0214146533387554,315.67676575931955,0,0.01499025733712878,Standard Monitoring
10.143.10,0.0214146533387554,310.53439477334905,0,0.01499025733712878,Standard Monitoring
10.210.0,0.0205329064579794,452.2954661695628,0,0.01437303452058558,Standard Monitoring
10.183.0,0.0203412056457685,586.5900939199261,0,0.014238843952037948,Standard Monitoring
10.166.2,0.020317232135623,332.33195295871496,0,0.0142220624949361,Standard Monitoring
10.21.3,0.0202836050062772,217.2741419018821,0,0.01419852350439404,Standard Monitoring
10.43.0,0.0199225031835981,110.50496596134116,0,0.013945752228518668,Standard Monitoring
10.140.0,0.0198323810662335,240.1723587780658,0,0.01388266674636345,Standard Monitoring
10.105.9,0.0196970882591964,182.72934646504143,0,0.013787961781437479,Standard Monitoring
10.68.2,0.0194813270425635,108.60628469516662,0,0.01363692892979445,Standard Monitoring
10.110.11,0.0194082994209037,110.6009498235734,0,0.01358580959463259,Standard Monitoring
10.12.0,0.0191994933183502,230.93473540340793,0,0.013439645322845138,Standard Monitoring
10.184.8,0.0191662184645383,431.6356867426584,0,0.013416352925176808,Standard Monitoring
10.139.3,0.019133949752608,229.0663989494381,0,0.0133937648268256,Standard Monitoring
10.67.1,0.0190321823428741,494.84521870463294,0,0.013322527640011869,Standard Monitoring
10.84.1,0.0190262931503589,240.54624941557415,0,0.013318405205251228,Standard Monitoring
10.74.10,0.0187486536325041,158.6131881021771,0,0.01312405754275287,Standard Monitoring
10.125.2,0.0187453282997776,507.95748544274267,0,0.01312172980984432,Standard Monitoring
10.69.2,0.0184283938942044,364.5030118363563,0,0.012899875725943078,Standard Monitoring
10.111.4,0.0184208568616219,133.82753328392826,0,0.01289459980313533,Standard Monitoring
10.141.8,0.0182742853904367,266.7965646595109,0,0.01279199977330569,Standard Monitoring
10.177.2,0.0181931694811825,304.88354746254754,0,0.012735218636827748,Standard Monitoring
10.155.0,0.0181931694811825,324.19817746423445,0,0.012735218636827748,Standard Monitoring
10.130.2,0.017975804802626,304.7760652505211,0,0.012583063361838199,Standard Monitoring
10.175.0,0.0178420333220969,97.77471834918371,0,0.012489423325467831,Standard Monitoring
10.60.11,0.0177941630831331,139.12275616942034,0,0.012455914158193169,Standard Monitoring
10.60.7,0.0177585299126456,210.72913113497592,0,0.01243097093885192,Standard Monitoring
10.12.8,0.0173507300742368,193.3092808543892,0,0.01214551105196576,Standard Monitoring
10.111.1,0.0172240380430234,437.55266210926095,0,0.01205682663011638,Standard Monitoring
10.22.1,0.0170004216915546,265.2878148828575,0,0.011900295184088219,Standard Monitoring
10.169.0,0.0170003231346249,90.84772084768892,0,0.011900226194237428,Standard Monitoring
10.69.5,0.0168337643236782,359.306704657859,0,0.01178363502657474,Standard Monitoring
10.35.0,0.0168252469606685,103.28033642302888,0,0.01177767287246795,Standard Monitoring
10.60.6,0.0167934269551402,192.1961698693501,0,0.01175539886859814,Standard Monitoring
10.27.8,0.0167369480922364,222.37267532812615,0,0.011715863664565479,Standard Monitoring
10.116.1,0.0167211726882998,244.47813151154944,0,0.011704820881809859,Standard Monitoring
10.68.0,0.0165689490499247,262.70310198075424,0,0.01159826433494729,Standard Monitoring
10.137.5,0.0165475021904523,278.9080427783963,0,0.011583251533316609,Standard Monitoring
10.135.1,0.0164715347909085,291.142202446235,0,0.01153007435363595,Standard Monitoring
10.12.16,0.016344022378095,146.36959865345509,0,0.011440815664666499,Standard Monitoring
10.41.5,0.0163054696530188,444.16095611409105,0,0.011413828757113158,Standard Monitoring
10.18.3,0.0163014457926032,290.2204262613525,0,0.011411012054822239,Standard Monitoring
10.128.2,0.0161578385372777,438.0251911239796,0,0.01131048697609439,Standard Monitoring
10.200.1,0.0161218543751081,253.1560086676587,0,0.011285298062575668,Standard Monitoring
10.139.0,0.0160549742865289,228.8455738096916,0,0.01123848200057023,Standard Monitoring
10.142.3,0.0159868823213633,491.1234273706602,0,0.011190817624954311,Standard Monitoring
10.111.3,0.0158834094955795,329.30492031248684,0,0.011118386646905648,Standard Monitoring
10.162.1,0.0156938355976143,526.9000940374185,0,0.01098568491833001,Standard Monitoring
10.105.0,0.0156017210340112,105.4657505424762,0,0.01092120472380784,Standard Monitoring
10.183.6,0.0155615209200982,115.31862616006327,0,0.010893064644068738,Standard Monitoring
10.41.4,0.0155040757045938,218.1249884943417,0,0.01085285299321566,Standard Monitoring
10.26.0,0.0154976265714738,221.7172664913196,0,0.010848338600031659,Standard Monitoring
10.65.5,0.0154966859012768,481.0387759750536,0,0.01084768013089376,Standard Monitoring
10.25.10,0.0154496757005534,92.41316548746852,0,0.010814772990387378,Standard Monitoring
10.157.9,0.0153550961677979,321.6439117912203,0,0.010748567317458529,Standard Monitoring
10.52.7,0.0153409079288318,488.5100320368773,0,0.010738635550182259,Standard Monitoring
10.110.6,0.0151910998266013,116.78657000889876,0,0.010633769878620908,Standard Monitoring
10.65.0,0.01517967387236,150.01739694260715,0,0.010625771710652,Standard Monitoring
10.202.3,0.0151330967201077,560.7923414708397,0,0.010593167704075389,Standard Monitoring
10.108.0,0.0150705399801202,277.11474557882,0,0.010549377986084138,Standard Monitoring
10.47.0,0.0150594442258985,115.60764012106571,0,0.01054161095812895,Standard Monitoring
10.201.1,0.0149913969310171,262.9431029745372,0,0.01049397785171197,Standard Monitoring
10.22.3,0.0149839878159636,225.8856251059556,0,0.010488791471174519,Standard Monitoring
10.139.1,0.0149641146273211,105.21107834836089,0,0.01047488023912477,Standard Monitoring
10.154.6,0.0149579535241668,459.83012507121344,0,0.010470567466916759,Standard Monitoring
10.15.5,0.0149047561752204,271.62553977049396,0,0.01043332932265428,Standard Monitoring
10.179.5,0.0148512652605117,379.2770813018895,0,0.01039588568235819,Standard Monitoring
10.114.1,0.0148396269379951,232.06092153062943,0,0.010387738856596569,Standard Monitoring
10.197.3,0.0147496304684927,198.1949358291138,0,0.010324741327944888,Standard Monitoring
10.141.3,0.0144668989779858,258.9739742205986,0,0.01012682928459006,Standard Monitoring
10.66.2,0.0144514660862118,246.17786677020584,0,0.010116026260348259,Standard Monitoring
10.28.2,0.0143541543483196,518.441616788376,0,0.010047908043823718,Standard Monitoring
10.145.2,0.0141456611267023,181.24207331847768,0,0.009901962788691609,Standard Monitoring
10.110.4,0.0139625690960351,271.3053216527148,0,0.009773798367224569,Standard Monitoring
10.176.20,0.013835407129278,193.7755389621941,0,0.0096847849904946,Standard Monitoring
10.122.1,0.0137586460838749,220.08998562361043,0,0.00963105225871243,Standard Monitoring
10.69.0,0.0137557480360565,251.531752560372,0,0.00962902362523955,Standard Monitoring
10.19.0,0.0137010420052875,471.5275873281923,0,0.009590729403701249,Standard Monitoring
10.105.8,0.0135621807286761,125.36052934088924,0,0.00949352651007327,Standard Monitoring
10.118.1,0.0135298222758166,428.3003025099797,0,0.00947087559307162,Standard Monitoring
10.183.5,0.0135197367824959,513.9035879146959,0,0.00946381574774713,Standard Monitoring
10.77.1,0.0134529032664895,263.19461391950153,0,0.00941703228654265,Standard Monitoring
10.143.12,0.0134212300401683,115.32014849476276,0,0.00939486102811781,Standard Monitoring
10.168.1,0.0133643575841543,201.27537196646432,0,0.009355050308908009,Standard Monitoring
10.141.5,0.0133219267143071,166.74062899330124,0,0.009325348700014969,Standard Monitoring
10.64.0,0.0132347854935177,146.62422803366306,0,0.00926434984546239,Standard Monitoring
10.71.2,0.0131211435937378,170.83773512119618,0,0.00918480051561646,Standard Monitoring
10.179.4,0.0130383015406171,309.5755185971622,0,0.00912681107843197,Standard Monitoring
10.203.7,0.0130383015406171,304.1292308991437,0,0.00912681107843197,Standard Monitoring
10.25.11,0.0130009348476438,301.2393123611644,0,0.009100654393350659,Standard Monitoring
10.34.0,0.0129731693983139,240.92269591383825,0,0.00908121857881973,Standard Monitoring
10.117.5,0.0128414719144272,547.9498059367404,0,0.00898903034009904,Standard Monitoring
10.128.0,0.0128380987175922,169.83403707740493,0,0.00898666910231454,Standard Monitoring
10.151.0,0.0128005528576459,363.8985205246978,0,0.00896038700035213,Standard Monitoring
10.9.2,0.0126692456865957,558.4581331478219,0,0.00886847198061699,Standard Monitoring
10.158.1,0.0124982674011791,349.8300447538045,0,0.00874878718082537,Standard Monitoring
10.69.6,0.0124559835533869,216.24306488468207,0,0.008719188487370829,Standard Monitoring
10.94.8,0.012452311876876,120.40565198580862,0,0.008716618313813198,Standard Monitoring
10.187.0,0.0124383937167062,151.81391872093317,0,0.00870687560169434,Standard Monitoring
10.104.0,0.0122679791578936,513.4425896206402,0,0.008587585410525518,Standard Monitoring
10.143.6,0.0122500847545701,343.1327782064248,0,0.00857505932819907,Standard Monitoring
10.1.1,0.0122191870280844,278.4825467175,0,0.00855343091965908,Standard Monitoring
10.141.0,0.0120568732896256,314.1760095177522,0,0.00843981130273792,Standard Monitoring
10.112.1,0.0119607868679472,252.3598286024848,0,0.008372550807563038,Standard Monitoring
10.20.1,0.0118604152531953,499.20088009508953,0,0.00830229067723671,Standard Monitoring
10.90.2,0.0118117646146063,202.7070516022023,0,0.00826823523022441,Standard Monitoring
10.200.0,0.0117805514658345,370.7352875381892,0,0.008246386026084148,Standard Monitoring
10.61.1,0.0117666341613869,510.6870440923811,0,0.00823664391297083,Standard Monitoring
10.99.4,0.0115496862772115,265.0881587967946,0,0.00808478039404805,Standard Monitoring
10.53.1,0.0114345651088989,116.445596989856,0,0.00800419557622923,Standard Monitoring
10.149.0,0.0113270331702286,141.7032237229244,0,0.00792892321916002,Standard Monitoring
10.37.0,0.0113081382085054,94.68371144662554,0,0.00791569674595378,Standard Monitoring
10.176.0,0.0112773362403215,472.9508312514336,0,0.00789413536822505,Standard Monitoring
10.136.0,0.0112018006264919,219.5146259139847,0,0.007841260438544329,Standard Monitoring
10.77.2,0.0111582651906041,249.56457493658985,0,0.00781078563342287,Standard Monitoring
10.111.6,0.0111509069514596,115.93268379945702,0,0.00780563486602172,Standard Monitoring
10.187.4,0.0110853795969447,292.11790185074426,0,0.00775976571786129,Standard Monitoring
10.96.1,0.0110144529253214,494.6924380904573,0,0.00771011704772498,Standard Monitoring
10.87.4,0.010910944213042,206.4318608824049,0,0.007637660949129399,Standard Monitoring
10.131.4,0.0107480090851945,273.62334346542264,0,0.007523606359636149,Standard Monitoring
10.55.3,0.010661142359702,527.9923157064178,0,0.007462799651791399,Standard Monitoring
10.174.1,0.0106198057599532,228.20843120695616,0,0.00743386403196724,Standard Monitoring
10.11.0,0.0105695460206132,232.07757021865064,0,0.007398682214429239,Standard Monitoring
10.26.1,0.0104077966464637,114.93777435314858,0,0.00728545765252459,Standard Monitoring
10.40.9,0.0102834988993496,377.79100291826217,0,0.00719844922954472,Standard Monitoring
10.82.2,0.0101779174134128,360.31021199325613,0,0.00712454218938896,Standard Monitoring
10.168.2,0.0101329079218011,473.325907703294,0,0.00709303554526077,Standard Monitoring
10.16.0,0.0099394260947124,508.36704480941165,0,0.00695759826629868,Standard Monitoring
10.12.15,0.0099090174544534,169.96260443225037,0,0.006936312218117379,Standard Monitoring
10.45.0,0.0098179046552608,248.36627645759663,0,0.006872533258682559,Standard Monitoring
10.21.4,0.0097279111938427,216.12971097615568,0,0.006809537835689889,Standard Monitoring
10.205.3,0.0091441346343043,110.34424834158436,0,0.006400894244013009,Standard Monitoring
10.74.0,0.0090877406437654,177.49889113975834,0,0.00636141845063578,Standard Monitoring
10.32.0,0.0089578067096205,294.62245584821704,0,0.00627046469673435,Standard Monitoring
10.143.15,0.0088614046753471,352.8451550098525,0,0.006202983272742969,Standard Monitoring
10.176.21,0.0088602138528158,545.8110097736854,0,0.0062021496969710595,Standard Monitoring
10.158.2,0.0086698521637799,216.636301706971,0,0.00606889651464593,Standard Monitoring
10.61.0,0.0085233648058213,468.82361552094966,0,0.00596635536407491,Standard Monitoring
10.32.5,0.0084911975956714,463.7731009099112,0,0.00594383831696998,Standard Monitoring
10.57.0,0.0084890951675363,252.99717222826123,0,0.005942366617275409,Standard Monitoring
10.188.1,0.0084170105420071,137.75579010927558,0,0.005891907379404969,Standard Monitoring
10.6.1,0.0082901639632723,310.24477699991576,0,0.00580311477429061,Standard Monitoring
10.202.1,0.0082500366729164,147.8936435351765,0,0.00577502567104148,Standard Monitoring
10.154.1,0.0082259239577576,247.8793181025844,0,0.00575814677043032,Standard Monitoring
10.12.1,0.0078491169075964,536.2214025486206,0,0.00549438183531748,Standard Monitoring
10.54.0,0.0077712153052084,477.2668191774302,0,0.00543985071364588,Standard Monitoring
10.116.2,0.0075264660521081,122.85546100520888,0,0.00526852623647567,Standard Monitoring
10.44.0,0.0074888960515963,248.87030653791444,0,0.00524222723611741,Standard Monitoring
10.103.2,0.0073370720420123,142.30474004575302,0,0.00513595042940861,Standard Monitoring
10.113.4,0.007234321123591,231.61278126128087,0,0.005064024786513699,Standard Monitoring
10.25.1,0.0071012886067774,188.60359637948977,0,0.00497090202474418,Standard Monitoring
10.150.0,0.006731474871211,175.65675737692345,0,0.0047120324098477,Standard Monitoring
10.165.0,0.0067291325597289,126.4033497971784,0,0.00471039279181023,Standard Monitoring
10.199.3,0.0067196867172106,527.1654275424173,0,0.00470378070204742,Standard Monitoring
10.63.0,0.0064480387439968,294.49909705716476,0,0.004513627120797759,Standard Monitoring
10.203.2,0.0064377104796141,157.94445550218887,0,0.00450639733572987,Standard Monitoring
10.167.1,0.006407751253235,582.5671162955907,0,0.0044854258772645,Standard Monitoring
10.70.2,0.0061601161181543,133.4476966196815,0,0.0043120812827080095,Standard Monitoring
10.141.1,0.0060760314172616,557.2455656227847,0,0.00425322199208312,Standard Monitoring
10.199.5,0.006065120128665,544.1576550761912,0,0.0042455840900654995,Standard Monitoring
10.189.7,0.0060613855577744,272.99055479046285,0,0.0042429698904420795,Standard Monitoring
10.202.4,0.0059815264647414,525.2193429209448,0,0.00418706852531898,Standard Monitoring
10.195.1,0.0059591365086238,182.2155742061097,0,0.004171395556036659,Standard Monitoring
10.184.7,0.0057849808464838,438.3559914751097,0,0.00404948659253866,Standard Monitoring
10.55.6,0.0056000204933745,516.3909831037533,0,0.00392001434536215,Standard Monitoring
10.161.0,0.0055286635700454,256.70676441191796,0,0.0038700644990317798,Standard Monitoring
10.146.4,0.0054579982752049,367.7917089810892,0,0.0038205987926434298,Standard Monitoring
10.87.0,0.0054521830812534,489.3470272689109,0,0.0038165281568773796,Standard Monitoring
10.186.0,0.0052988662041944,125.26683757807132,0,0.0037092063429360798,Standard Monitoring
10.0.1,0.005268391316839,352.9959829920815,0,0.0036878739217873,Standard Monitoring
10.27.1,0.0051290034080252,124.54913776466664,0,0.0035903023856176395,Standard Monitoring
10.42.2,0.0050298116125435,193.86524501094087,0,0.0035208681287804498,Standard Monitoring
10.143.0,0.0048614168843447,259.68341900077377,0,0.00340299181904129,Standard Monitoring
10.89.6,0.0048240447446178,164.32209137048565,0,0.0033768313212324597,Standard Monitoring
10.164.3,0.0047928302035171,164.83548306469788,0,0.00335498114246197,Standard Monitoring
10.60.4,0.004702240355955,112.6366148601857,0,0.0032915682491684996,Standard Monitoring
10.25.13,0.0046478866819206,241.61274723093297,0,0.00325352067734442,Standard Monitoring
10.94.6,0.0045710802068257,96.14479190315345,0,0.0031997561447779897,Standard Monitoring
10.14.0,0.0044191489369644,239.6606874843405,0,0.0030934042558750795,Standard Monitoring
10.72.3,0.0044176373969435,197.04102578919907,0,0.00309234617786045,Standard Monitoring
10.30.2,0.0043331031272931,174.9779286629166,0,0.00303317218910517,Standard Monitoring
10.71.7,0.004275653929167,136.50404726019246,0,0.0029929577504169,Standard Monitoring
10.169.1,0.0041334095853135,169.30511076551048,0,0.00289338670971945,Standard Monitoring
10.7.5,0.0041222725891226,176.38155144536017,0,0.00288559081238582,Standard Monitoring
10.116.0,0.0040058017623994,322.52386357805767,0,0.00280406123367958,Standard Monitoring
10.189.0,0.003857951246665,259.39671533130354,0,0.0027005658726655,Standard Monitoring
10.176.7,0.0035684961975464,229.3974506680481,0,0.0024979473382824796,Standard Monitoring
10.105.4,0.0035242090248886,152.40718755109623,0,0.00246694631742202,Standard Monitoring
10.110.9,0.0033770984132216,286.3966728509382,0,0.0023639688892551198,Standard Monitoring
10.195.2,0.0033426525700569,153.44306214321998,0,0.00233985679903983,Standard Monitoring
10.66.5,0.0033398924826629,222.9234078439657,0,0.0023379247378640298,Standard Monitoring
10.194.4,0.0031062952547326,137.76841950812084,0,0.00217440667831282,Standard Monitoring
10.191.3,0.0029664427279029,110.4975381832027,0,0.00207650990953203,Standard Monitoring
