firmware_version,release_date,previous_version,days_since_previous_release
10.0.1,2024-01-30,9.9.9,90.0
10.0.2,2024-02-22,10.0.1,23.0
10.1.0,2024-03-15,10.0.2,22.0
10.1.1,2024-04-06,10.1.0,22.0
10.2.0,2024-05-16,10.1.1,40.0
10.2.1,2024-06-17,10.2.0,32.0
10.3.0,2024-07-07,10.2.1,20.0
10.4.0,2024-08-06,10.3.0,30.0
10.4.1,2024-09-02,10.4.0,27.0
10.4.2,2024-09-07,10.4.1,5.0
10.4.3,2024-09-21,10.4.2,14.0
10.4.4,2024-10-19,10.4.3,28.0
10.5.0,2024-11-27,10.4.4,39.0
10.5.1,2024-12-19,10.5.0,22.0
10.5.2,2025-01-07,10.5.1,19.0
10.6.0,2025-02-02,10.5.2,26.0
10.6.1,2025-02-20,10.6.0,18.0
10.6.2,2025-03-14,10.6.1,22.0
10.7.0,2025-04-07,10.6.2,24.0
10.7.1,2025-04-21,10.7.0,14.0
10.7.2,2025-05-24,10.7.1,33.0
10.7.3,2025-06-05,10.7.2,12.0
10.7.4,2025-06-16,10.7.3,11.0
10.7.5,2025-07-12,10.7.4,26.0
10.8.0,2025-08-13,10.7.5,32.0
10.9.0,2025-09-08,10.8.0,26.0
10.9.1,2025-10-01,10.9.0,23.0
10.9.2,2025-10-22,10.9.1,21.0
10.9.3,2025-11-11,10.9.2,20.0
10.9.4,2025-12-16,10.9.3,35.0
10.10.0,2026-01-13,10.9.4,28.0
10.10.1,2026-02-03,10.10.0,21.0
10.11.0,2026-02-21,10.10.1,18.0
10.11.1,2026-03-24,10.11.0,31.0
10.11.2,2026-04-28,10.11.1,35.0
10.12.0,2026-06-01,10.11.2,34.0
10.12.1,2026-06-17,10.12.0,16.0
10.12.2,2026-07-08,10.12.1,21.0
10.12.3,2026-07-28,10.12.2,20.0
10.12.4,2026-08-20,10.12.3,23.0
10.12.5,2026-09-22,10.12.4,33.0
10.12.6,2026-10-30,10.12.5,38.0
10.12.7,2026-11-27,10.12.6,28.0
10.12.8,2026-12-15,10.12.7,18.0
10.12.9,2027-01-08,10.12.8,24.0
10.12.10,2027-02-17,10.12.9,40.0
10.12.11,2027-03-14,10.12.10,25.0
10.12.12,2027-04-05,10.12.11,22.0
10.12.13,2027-04-27,10.12.12,22.0
10.12.14,2027-05-25,10.12.13,28.0
10.12.15,2027-06-10,10.12.14,16.0
10.12.16,2027-06-29,10.12.15,19.0
10.12.17,2027-08-02,10.12.16,34.0
10.13.0,2027-08-30,10.12.17,28.0
10.13.1,2027-09-24,10.13.0,25.0
10.13.2,2027-10-28,10.13.1,34.0
10.13.3,2027-11-14,10.13.2,17.0
10.13.4,2027-12-05,10.13.3,21.0
10.14.0,2028-01-01,10.13.4,27.0
10.14.1,2028-01-28,10.14.0,27.0
10.15.0,2028-02-07,10.14.1,10.0
10.15.1,2028-02-27,10.15.0,20.0
10.15.2,2028-03-21,10.15.1,23.0
10.15.3,2028-04-19,10.15.2,29.0
10.15.4,2028-05-16,10.15.3,27.0
10.15.5,2028-06-09,10.15.4,24.0
10.15.6,2028-06-14,10.15.5,5.0
10.16.0,2028-07-08,10.15.6,24.0
10.17.0,2028-08-02,10.16.0,25.0
10.17.1,2028-09-20,10.17.0,49.0
10.18.0,2028-10-13,10.17.1,23.0
10.18.1,2028-11-10,10.18.0,28.0
10.18.2,2028-12-16,10.18.1,36.0
10.18.3,2029-01-17,10.18.2,32.0
10.18.4,2029-02-25,10.18.3,39.0
10.18.5,2029-03-07,10.18.4,10.0
10.19.0,2029-03-22,10.18.5,15.0
10.19.1,2029-04-10,10.19.0,19.0
10.19.2,2029-04-19,10.19.1,9.0
10.20.0,2029-05-14,10.19.2,25.0
10.20.1,2029-05-29,10.20.0,15.0
10.21.0,2029-07-08,10.20.1,40.0
10.21.1,2029-07-25,10.21.0,17.0
10.21.2,2029-08-15,10.21.1,21.0
10.21.3,2029-09-17,10.21.2,33.0
10.21.4,2029-09-29,10.21.3,12.0
10.22.0,2029-10-07,10.21.4,8.0
10.22.1,2029-11-02,10.22.0,26.0
10.22.2,2029-11-29,10.22.1,27.0
10.22.3,2029-12-31,10.22.2,32.0
10.22.4,2030-01-30,10.22.3,30.0
10.22.5,2030-02-26,10.22.4,27.0
10.23.0,2030-03-16,10.22.5,18.0
10.23.1,2030-04-12,10.23.0,27.0
10.24.0,2030-05-09,10.23.1,27.0
10.25.0,2030-05-26,10.24.0,17.0
10.25.1,2030-07-08,10.25.0,43.0
10.25.2,2030-08-06,10.25.1,29.0
10.25.3,2030-08-21,10.25.2,15.0
10.25.4,2030-09-22,10.25.3,32.0
10.25.5,2030-10-26,10.25.4,34.0
10.25.6,2030-11-24,10.25.5,29.0
10.25.7,2030-12-16,10.25.6,22.0
10.25.8,2031-01-02,10.25.7,17.0
10.25.9,2031-01-26,10.25.8,24.0
10.25.10,2031-02-23,10.25.9,28.0
10.25.11,2031-03-20,10.25.10,25.0
10.25.12,2031-04-28,10.25.11,39.0
10.25.13,2031-05-29,10.25.12,31.0
10.26.0,2031-06-14,10.25.13,16.0
10.26.1,2031-06-28,10.26.0,14.0
10.26.2,2031-07-27,10.26.1,29.0
10.27.0,2031-08-18,10.26.2,22.0
10.27.1,2031-09-19,10.27.0,32.0
10.27.2,2031-10-18,10.27.1,29.0
10.27.3,2031-11-11,10.27.2,24.0
10.27.4,2031-11-27,10.27.3,16.0
10.27.5,2031-12-06,10.27.4,9.0
10.27.6,2032-01-02,10.27.5,27.0
10.27.7,2032-01-14,10.27.6,12.0
10.27.8,2032-01-30,10.27.7,16.0
10.27.9,2032-02-25,10.27.8,26.0
10.27.10,2032-03-21,10.27.9,25.0
10.27.11,2032-04-03,10.27.10,13.0
10.27.12,2032-05-08,10.27.11,35.0
10.27.13,2032-06-12,10.27.12,35.0
10.27.14,2032-07-12,10.27.13,30.0
10.27.15,2032-08-11,10.27.14,30.0
10.27.16,2032-09-10,10.27.15,30.0
10.27.17,2032-11-12,10.27.16,63.0
10.27.18,2032-12-16,10.27.17,34.0
10.27.19,2033-01-16,10.27.18,31.0
10.27.20,2033-02-02,10.27.19,17.0
10.28.0,2033-02-24,10.27.20,22.0
10.28.1,2033-04-13,10.28.0,48.0
10.28.2,2033-04-19,10.28.1,6.0
10.29.0,2033-05-09,10.28.2,20.0
10.29.1,2033-06-13,10.29.0,35.0
10.29.2,2033-06-30,10.29.1,17.0
10.30.0,2033-07-31,10.29.2,31.0
10.30.1,2033-08-25,10.30.0,25.0
10.30.2,2033-09-12,10.30.1,18.0
10.30.3,2033-09-16,10.30.2,4.0
10.30.4,2033-10-12,10.30.3,26.0
10.31.0,2033-10-29,10.30.4,17.0
10.31.1,2033-11-21,10.31.0,23.0
10.31.2,2033-12-21,10.31.1,30.0
10.32.0,2034-01-23,10.31.2,33.0
10.32.1,2034-02-12,10.32.0,20.0
10.32.2,2034-03-02,10.32.1,18.0
10.32.3,2034-03-14,10.32.2,12.0
10.32.4,2034-04-17,10.32.3,34.0
10.32.5,2034-06-02,10.32.4,46.0
10.32.6,2034-07-07,10.32.5,35.0
10.33.0,2034-08-13,10.32.6,37.0
10.34.0,2034-08-30,10.33.0,17.0
10.34.1,2034-09-28,10.34.0,29.0
10.35.0,2034-10-30,10.34.1,32.0
10.36.0,2034-11-01,10.35.0,2.0
10.36.1,2034-11-15,10.36.0,14.0
10.36.2,2034-12-26,10.36.1,41.0
10.37.0,2035-01-05,10.36.2,10.0
10.37.1,2035-02-13,10.37.0,39.0
10.37.2,2035-02-23,10.37.1,10.0
10.38.0,2035-03-10,10.37.2,15.0
10.38.1,2035-04-08,10.38.0,29.0
10.38.2,2035-05-03,10.38.1,25.0
10.38.3,2035-05-24,10.38.2,21.0
10.38.4,2035-07-03,10.38.3,40.0
10.38.5,2035-07-15,10.38.4,12.0
10.38.6,2035-08-07,10.38.5,23.0
10.38.7,2035-09-06,10.38.6,30.0
10.39.0,2035-10-03,10.38.7,27.0
10.39.1,2035-10-21,10.39.0,18.0
10.40.0,2035-11-09,10.39.1,19.0
10.40.1,2035-12-12,10.40.0,33.0
10.40.2,2036-01-14,10.40.1,33.0
10.40.3,2036-02-11,10.40.2,28.0
10.40.4,2036-02-27,10.40.3,16.0
10.40.5,2036-03-17,10.40.4,19.0
10.40.6,2036-04-10,10.40.5,24.0
10.40.7,2036-05-06,10.40.6,26.0
10.40.8,2036-06-05,10.40.7,30.0
10.40.9,2036-06-27,10.40.8,22.0
10.41.0,2036-07-30,10.40.9,33.0
10.41.1,2036-09-01,10.41.0,33.0
10.41.2,2036-10-09,10.41.1,38.0
10.41.3,2036-11-03,10.41.2,25.0
10.41.4,2036-12-01,10.41.3,28.0
10.41.5,2036-12-24,10.41.4,23.0
10.41.6,2037-01-09,10.41.5,16.0
10.41.7,2037-02-23,10.41.6,45.0
10.41.8,2037-03-31,10.41.7,36.0
10.41.9,2037-05-02,10.41.8,32.0
10.42.0,2037-05-26,10.41.9,24.0
10.42.1,2037-06-11,10.42.0,16.0
10.42.2,2037-07-15,10.42.1,34.0
10.43.0,2037-08-07,10.42.2,23.0
10.43.1,2037-09-05,10.43.0,29.0
10.44.0,2037-09-24,10.43.1,19.0
10.45.0,2037-10-21,10.44.0,27.0
10.45.1,2037-11-09,10.45.0,19.0
10.46.0,2037-11-29,10.45.1,20.0
10.46.1,2037-12-26,10.46.0,27.0
10.46.2,2038-01-05,10.46.1,10.0
10.46.3,2038-01-15,10.46.2,10.0
10.46.4,2038-02-01,10.46.3,17.0
10.46.5,2038-02-23,10.46.4,22.0
10.47.0,2038-03-28,10.46.5,33.0
10.47.1,2038-04-20,10.47.0,23.0
10.48.0,2038-05-14,10.47.1,24.0
10.49.0,2038-06-05,10.48.0,22.0
10.49.1,2038-07-03,10.49.0,28.0
10.49.2,2038-07-19,10.49.1,16.0
10.49.3,2038-08-11,10.49.2,23.0
10.49.4,2038-09-09,10.49.3,29.0
10.50.0,2038-10-06,10.49.4,27.0
10.50.1,2038-10-31,10.50.0,25.0
10.50.2,2038-11-25,10.50.1,25.0
10.50.3,2038-12-24,10.50.2,29.0
10.50.4,2039-02-08,10.50.3,46.0
10.50.5,2039-02-25,10.50.4,17.0
10.50.6,2039-04-12,10.50.5,46.0
10.51.0,2039-04-28,10.50.6,16.0
10.51.1,2039-05-01,10.51.0,3.0
10.52.0,2039-05-20,10.51.1,19.0
10.52.1,2039-06-17,10.52.0,28.0
10.52.2,2039-07-30,10.52.1,43.0
10.52.3,2039-08-15,10.52.2,16.0
10.52.4,2039-09-13,10.52.3,29.0
10.52.5,2039-09-24,10.52.4,11.0
10.52.6,2039-11-06,10.52.5,43.0
10.52.7,2039-12-12,10.52.6,36.0
10.53.0,2040-01-01,10.52.7,20.0
10.53.1,2040-01-08,10.53.0,7.0
10.53.2,2040-02-15,10.53.1,38.0
10.53.3,2040-03-09,10.53.2,23.0
10.53.4,2040-04-15,10.53.3,37.0
10.53.5,2040-05-10,10.53.4,25.0
10.53.6,2040-06-04,10.53.5,25.0
10.53.7,2040-06-24,10.53.6,20.0
10.54.0,2040-07-25,10.53.7,31.0
10.54.1,2040-08-20,10.54.0,26.0
10.54.2,2040-09-19,10.54.1,30.0
10.55.0,2040-09-28,10.54.2,9.0
10.55.1,2040-11-04,10.55.0,37.0
10.55.2,2040-12-14,10.55.1,40.0
10.55.3,2041-01-09,10.55.2,26.0
10.55.4,2041-02-23,10.55.3,45.0
10.55.5,2041-04-06,10.55.4,42.0
10.55.6,2041-05-07,10.55.5,31.0
10.55.7,2041-06-14,10.55.6,38.0
10.55.8,2041-07-19,10.55.7,35.0
10.55.9,2041-07-26,10.55.8,7.0
10.55.10,2041-08-17,10.55.9,22.0
10.55.11,2041-09-18,10.55.10,32.0
10.55.12,2041-10-29,10.55.11,41.0
10.55.13,2041-11-09,10.55.12,11.0
10.55.14,2041-11-16,10.55.13,7.0
10.55.15,2041-12-10,10.55.14,24.0
10.55.16,2041-12-14,10.55.15,4.0
10.55.17,2042-01-07,10.55.16,24.0
10.56.0,2042-02-04,10.55.17,28.0
10.56.1,2042-02-19,10.56.0,15.0
10.56.2,2042-03-15,10.56.1,24.0
10.57.0,2042-04-18,10.56.2,34.0
10.58.0,2042-05-07,10.57.0,19.0
10.59.0,2042-05-24,10.58.0,17.0
10.59.1,2042-06-16,10.59.0,23.0
10.59.2,2042-06-30,10.59.1,14.0
10.60.0,2042-08-13,10.59.2,44.0
10.60.1,2042-09-07,10.60.0,25.0
10.60.2,2042-09-25,10.60.1,18.0
10.60.3,2042-10-22,10.60.2,27.0
10.60.4,2042-11-14,10.60.3,23.0
10.60.5,2042-12-06,10.60.4,22.0
10.60.6,2042-12-25,10.60.5,19.0
10.60.7,2043-01-13,10.60.6,19.0
10.60.8,2043-01-22,10.60.7,9.0
10.60.9,2043-03-01,10.60.8,38.0
10.60.10,2043-03-31,10.60.9,30.0
10.60.11,2043-04-28,10.60.10,28.0
10.60.12,2043-05-21,10.60.11,23.0
10.60.13,2043-06-05,10.60.12,15.0
10.61.0,2043-06-22,10.60.13,17.0
10.61.1,2043-07-02,10.61.0,10.0
10.62.0,2043-07-20,10.61.1,18.0
10.62.1,2043-08-03,10.62.0,14.0
10.62.2,2043-09-13,10.62.1,41.0
10.62.3,2043-10-16,10.62.2,33.0
10.62.4,2043-11-10,10.62.3,25.0
10.62.5,2043-11-26,10.62.4,16.0
10.62.6,2043-12-10,10.62.5,14.0
10.62.7,2044-01-02,10.62.6,23.0
10.62.8,2044-02-05,10.62.7,34.0
10.62.9,2044-03-20,10.62.8,44.0
10.63.0,2044-03-31,10.62.9,11.0
10.64.0,2044-04-30,10.63.0,30.0
10.65.0,2044-05-18,10.64.0,18.0
10.65.1,2044-06-07,10.65.0,20.0
10.65.2,2044-07-02,10.65.1,25.0
10.65.3,2044-07-18,10.65.2,16.0
10.65.4,2044-08-09,10.65.3,22.0
10.65.5,2044-08-24,10.65.4,15.0
10.66.0,2044-09-12,10.65.5,19.0
10.66.1,2044-10-14,10.66.0,32.0
10.66.2,2044-11-08,10.66.1,25.0
10.66.3,2044-12-10,10.66.2,32.0
10.66.4,2044-12-28,10.66.3,18.0
10.66.5,2045-01-27,10.66.4,30.0
10.67.0,2045-02-04,10.66.5,8.0
10.67.1,2045-03-01,10.67.0,25.0
10.68.0,2045-04-01,10.67.1,31.0
10.68.1,2045-04-09,10.68.0,8.0
10.68.2,2045-04-27,10.68.1,18.0
10.69.0,2045-05-22,10.68.2,25.0
10.69.1,2045-06-26,10.69.0,35.0
10.69.2,2045-07-15,10.69.1,19.0
10.69.3,2045-08-14,10.69.2,30.0
10.69.4,2045-09-22,10.69.3,39.0
10.69.5,2045-10-22,10.69.4,30.0
10.69.6,2045-11-13,10.69.5,22.0
10.69.7,2045-12-11,10.69.6,28.0
10.70.0,2045-12-29,10.69.7,18.0
10.70.1,2046-01-23,10.70.0,25.0
10.70.2,2046-02-15,10.70.1,23.0
10.70.3,2046-03-15,10.70.2,28.0
10.71.0,2046-04-04,10.70.3,20.0
10.71.1,2046-05-02,10.71.0,28.0
10.71.2,2046-05-22,10.71.1,20.0
10.71.3,2046-06-24,10.71.2,33.0
10.71.4,2046-07-15,10.71.3,21.0
10.71.5,2046-07-19,10.71.4,4.0
10.71.6,2046-08-02,10.71.5,14.0
10.71.7,2046-08-27,10.71.6,25.0
10.71.8,2046-10-07,10.71.7,41.0
10.71.9,2046-11-09,10.71.8,33.0
10.71.10,2046-11-11,10.71.9,2.0
10.72.0,2046-11-21,10.71.10,10.0
10.72.1,2046-12-27,10.72.0,36.0
10.72.2,2047-01-27,10.72.1,31.0
10.72.3,2047-03-15,10.72.2,47.0
10.72.4,2047-04-04,10.72.3,20.0
10.72.5,2047-04-20,10.72.4,16.0
10.72.6,2047-05-15,10.72.5,25.0
10.72.7,2047-06-04,10.72.6,20.0
10.73.0,2047-07-09,10.72.7,35.0
10.73.1,2047-07-28,10.73.0,19.0
10.73.2,2047-08-19,10.73.1,22.0
10.74.0,2047-09-03,10.73.2,15.0
10.74.1,2047-10-05,10.74.0,32.0
10.74.2,2047-10-20,10.74.1,15.0
10.74.3,2047-11-18,10.74.2,29.0
10.74.4,2047-12-31,10.74.3,43.0
10.74.5,2048-01-07,10.74.4,7.0
10.74.6,2048-02-15,10.74.5,39.0
10.74.7,2048-03-13,10.74.6,27.0
10.74.8,2048-03-26,10.74.7,13.0
10.74.9,2048-04-21,10.74.8,26.0
10.74.10,2048-05-23,10.74.9,32.0
10.74.11,2048-06-09,10.74.10,17.0
10.74.12,2048-07-08,10.74.11,29.0
10.74.13,2048-08-17,10.74.12,40.0
10.74.14,2048-09-05,10.74.13,19.0
10.74.15,2048-09-20,10.74.14,15.0
10.74.16,2048-10-13,10.74.15,23.0
10.74.17,2048-11-07,10.74.16,25.0
10.74.18,2048-12-12,10.74.17,35.0
10.74.19,2049-01-04,10.74.18,23.0
10.75.0,2049-01-24,10.74.19,20.0
10.75.1,2049-02-07,10.75.0,14.0
10.75.2,2049-02-15,10.75.1,8.0
10.75.3,2049-02-27,10.75.2,12.0
10.75.4,2049-03-11,10.75.3,12.0
10.76.0,2049-04-02,10.75.4,22.0
10.77.0,2049-04-11,10.76.0,9.0
10.77.1,2049-04-13,10.77.0,2.0
10.77.2,2049-05-07,10.77.1,24.0
10.78.0,2049-06-19,10.77.2,43.0
10.78.1,2049-07-25,10.78.0,36.0
10.79.0,2049-08-16,10.78.1,22.0
10.79.1,2049-08-29,10.79.0,13.0
10.80.0,2049-10-18,10.79.1,50.0
10.80.1,2049-11-12,10.80.0,25.0
10.80.2,2049-12-08,10.80.1,26.0
10.81.0,2049-12-31,10.80.2,23.0
10.81.1,2050-01-24,10.81.0,24.0
10.82.0,2050-02-12,10.81.1,19.0
10.82.1,2050-03-06,10.82.0,22.0
10.82.2,2050-04-15,10.82.1,40.0
10.83.0,2050-05-22,10.82.2,37.0
10.84.0,2050-05-26,10.83.0,4.0
10.84.1,2050-06-05,10.84.0,10.0
10.84.2,2050-06-22,10.84.1,17.0
10.85.0,2050-07-26,10.84.2,34.0
10.85.1,2050-09-01,10.85.0,37.0
10.86.0,2050-10-03,10.85.1,32.0
10.87.0,2050-10-16,10.86.0,13.0
10.87.1,2050-11-04,10.87.0,19.0
10.87.2,2050-12-03,10.87.1,29.0
10.87.3,2050-12-25,10.87.2,22.0
10.87.4,2051-01-15,10.87.3,21.0
10.87.5,2051-02-05,10.87.4,21.0
10.87.6,2051-03-13,10.87.5,36.0
10.88.0,2051-04-12,10.87.6,30.0
10.89.0,2051-05-03,10.88.0,21.0
10.89.1,2051-05-31,10.89.0,28.0
10.89.2,2051-06-12,10.89.1,12.0
10.89.3,2051-07-01,10.89.2,19.0
10.89.4,2051-08-05,10.89.3,35.0
10.89.5,2051-08-14,10.89.4,9.0
10.89.6,2051-09-14,10.89.5,31.0
10.89.7,2051-09-18,10.89.6,4.0
10.89.8,2051-10-29,10.89.7,41.0
10.89.9,2051-11-17,10.89.8,19.0
10.89.10,2051-12-15,10.89.9,28.0
10.89.11,2052-01-10,10.89.10,26.0
10.90.0,2052-02-05,10.89.11,26.0
10.90.1,2052-03-04,10.90.0,28.0
10.90.2,2052-03-11,10.90.1,7.0
10.90.3,2052-04-06,10.90.2,26.0
10.90.4,2052-04-29,10.90.3,23.0
10.91.0,2052-05-18,10.90.4,19.0
10.91.1,2052-06-04,10.91.0,17.0
10.91.2,2052-06-30,10.91.1,26.0
10.91.3,2052-07-15,10.91.2,15.0
10.91.4,2052-08-19,10.91.3,35.0
10.92.0,2052-09-17,10.91.4,29.0
10.92.1,2052-10-14,10.92.0,27.0
10.92.2,2052-11-17,10.92.1,34.0
10.92.3,2052-11-23,10.92.2,6.0
10.93.0,2052-12-05,10.92.3,12.0
10.94.0,2053-01-04,10.93.0,30.0
10.94.1,2053-01-21,10.94.0,17.0
10.94.2,2053-02-08,10.94.1,18.0
10.94.3,2053-02-18,10.94.2,10.0
10.94.4,2053-03-05,10.94.3,15.0
10.94.5,2053-04-09,10.94.4,35.0
10.94.6,2053-05-08,10.94.5,29.0
10.94.7,2053-06-03,10.94.6,26.0
10.94.8,2053-06-22,10.94.7,19.0
10.94.9,2053-07-18,10.94.8,26.0
10.95.0,2053-08-23,10.94.9,36.0
10.96.0,2053-09-09,10.95.0,17.0
10.96.1,2053-10-03,10.96.0,24.0
10.96.2,2053-11-14,10.96.1,42.0
10.96.3,2053-12-16,10.96.2,32.0
10.96.4,2054-01-04,10.96.3,19.0
10.96.5,2054-02-04,10.96.4,31.0
10.97.0,2054-02-13,10.96.5,9.0
10.98.0,2054-03-09,10.97.0,24.0
10.98.1,2054-04-09,10.98.0,31.0
10.98.2,2054-05-07,10.98.1,28.0
10.98.3,2054-06-07,10.98.2,31.0
10.98.4,2054-07-10,10.98.3,33.0
10.98.5,2054-08-08,10.98.4,29.0
10.99.0,2054-09-06,10.98.5,29.0
10.99.1,2054-10-03,10.99.0,27.0
10.99.2,2054-10-17,10.99.1,14.0
10.99.3,2054-11-21,10.99.2,35.0
10.99.4,2054-12-15,10.99.3,24.0
10.99.5,2055-01-15,10.99.4,31.0
10.100.0,2055-02-18,10.99.5,34.0
10.100.1,2055-03-09,10.100.0,19.0
10.101.0,2055-03-29,10.100.1,20.0
10.101.1,2055-04-19,10.101.0,21.0
10.102.0,2055-05-26,10.101.1,37.0
10.102.1,2055-06-11,10.102.0,16.0
10.102.2,2055-07-20,10.102.1,39.0
10.102.3,2055-08-15,10.102.2,26.0
10.102.4,2055-09-11,10.102.3,27.0
10.103.0,2055-10-14,10.102.4,33.0
10.103.1,2055-11-08,10.103.0,25.0
10.103.2,2055-12-13,10.103.1,35.0
10.103.3,2056-01-01,10.103.2,19.0
10.103.4,2056-02-09,10.103.3,39.0
10.103.5,2056-02-29,10.103.4,20.0
10.103.6,2056-04-08,10.103.5,39.0
10.103.7,2056-04-28,10.103.6,20.0
10.103.8,2056-05-20,10.103.7,22.0
10.104.0,2056-06-03,10.103.8,14.0
10.105.0,2056-06-20,10.104.0,17.0
10.105.1,2056-07-14,10.105.0,24.0
10.105.2,2056-08-10,10.105.1,27.0
10.105.3,2056-09-13,10.105.2,34.0
10.105.4,2056-10-05,10.105.3,22.0
10.105.5,2056-10-18,10.105.4,13.0
10.105.6,2056-11-15,10.105.5,28.0
10.105.7,2056-12-11,10.105.6,26.0
10.105.8,2057-01-09,10.105.7,29.0
10.105.9,2057-01-27,10.105.8,18.0
10.106.0,2057-02-15,10.105.9,19.0
10.107.0,2057-03-05,10.106.0,18.0
10.107.1,2057-04-10,10.107.0,36.0
10.107.2,2057-05-19,10.107.1,39.0
10.108.0,2057-06-07,10.107.2,19.0
10.108.1,2057-06-26,10.108.0,19.0
10.108.2,2057-07-27,10.108.1,31.0
10.109.0,2057-09-05,10.108.2,40.0
10.109.1,2057-10-17,10.109.0,42.0
10.109.2,2057-11-04,10.109.1,18.0
10.109.3,2057-11-25,10.109.2,21.0
10.109.4,2057-12-22,10.109.3,27.0
10.109.5,2058-01-19,10.109.4,28.0
10.109.6,2058-02-11,10.109.5,23.0
10.109.7,2058-02-28,10.109.6,17.0
10.110.0,2058-03-24,10.109.7,24.0
10.110.1,2058-05-05,10.110.0,42.0
10.110.2,2058-05-24,10.110.1,19.0
10.110.3,2058-06-20,10.110.2,27.0
10.110.4,2058-08-09,10.110.3,50.0
10.110.5,2058-08-28,10.110.4,19.0
10.110.6,2058-09-28,10.110.5,31.0
10.110.7,2058-11-10,10.110.6,43.0
10.110.8,2058-12-10,10.110.7,30.0
10.110.9,2059-01-15,10.110.8,36.0
10.110.10,2059-02-17,10.110.9,33.0
10.110.11,2059-03-19,10.110.10,30.0
10.111.0,2059-04-26,10.110.11,38.0
10.111.1,2059-05-27,10.111.0,31.0
10.111.2,2059-06-19,10.111.1,23.0
10.111.3,2059-07-15,10.111.2,26.0
10.111.4,2059-08-12,10.111.3,28.0
10.111.5,2059-09-02,10.111.4,21.0
10.111.6,2059-09-28,10.111.5,26.0
10.111.7,2059-10-23,10.111.6,25.0
10.111.8,2059-11-23,10.111.7,31.0
10.112.0,2060-01-08,10.111.8,46.0
10.112.1,2060-02-04,10.112.0,27.0
10.112.2,2060-03-15,10.112.1,40.0
10.113.0,2060-04-15,10.112.2,31.0
10.113.1,2060-05-11,10.113.0,26.0
10.113.2,2060-05-31,10.113.1,20.0
10.113.3,2060-06-26,10.113.2,26.0
10.113.4,2060-07-22,10.113.3,26.0
10.113.5,2060-08-08,10.113.4,17.0
10.113.6,2060-08-27,10.113.5,19.0
10.114.0,2060-09-24,10.113.6,28.0
10.114.1,2060-11-03,10.114.0,40.0
10.114.2,2060-11-27,10.114.1,24.0
10.115.0,2060-12-07,10.114.2,10.0
10.115.1,2060-12-10,10.115.0,3.0
10.116.0,2060-12-24,10.115.1,14.0
10.116.1,2061-01-25,10.116.0,32.0
10.116.2,2061-02-06,10.116.1,12.0
10.117.0,2061-03-11,10.116.2,33.0
10.117.1,2061-04-11,10.117.0,31.0
10.117.2,2061-05-05,10.117.1,24.0
10.117.3,2061-05-14,10.117.2,9.0
10.117.4,2061-06-01,10.117.3,18.0
10.117.5,2061-06-23,10.117.4,22.0
10.118.0,2061-07-21,10.117.5,28.0
10.118.1,2061-08-02,10.118.0,12.0
10.118.2,2061-09-10,10.118.1,39.0
10.118.3,2061-10-08,10.118.2,28.0
10.118.4,2061-11-06,10.118.3,29.0
10.119.0,2061-12-07,10.118.4,31.0
10.120.0,2062-01-14,10.119.0,38.0
10.120.1,2062-02-09,10.120.0,26.0
10.120.2,2062-03-13,10.120.1,32.0
10.120.3,2062-03-31,10.120.2,18.0
10.120.4,2062-05-13,10.120.3,43.0
10.120.5,2062-06-08,10.120.4,26.0
10.120.6,2062-06-26,10.120.5,18.0
10.121.0,2062-07-16,10.120.6,20.0
10.122.0,2062-07-22,10.121.0,6.0
10.122.1,2062-08-11,10.122.0,20.0
10.122.2,2062-08-13,10.122.1,2.0
10.122.3,2062-09-14,10.122.2,32.0
10.123.0,2062-10-13,10.122.3,29.0
10.123.1,2062-10-28,10.123.0,15.0
10.123.2,2062-11-21,10.123.1,24.0
10.123.3,2062-12-15,10.123.2,24.0
10.123.4,2062-12-28,10.123.3,13.0
10.123.5,2063-01-19,10.123.4,22.0
10.123.6,2063-02-13,10.123.5,25.0
10.124.0,2063-03-07,10.123.6,22.0
10.125.0,2063-03-25,10.124.0,18.0
10.125.1,2063-04-08,10.125.0,14.0
10.125.2,2063-04-30,10.125.1,22.0
10.126.0,2063-05-19,10.125.2,19.0
10.127.0,2063-06-18,10.126.0,30.0
10.128.0,2063-07-26,10.127.0,38.0
10.128.1,2063-08-29,10.128.0,34.0
10.128.2,2063-09-23,10.128.1,25.0
10.128.3,2063-10-11,10.128.2,18.0
10.128.4,2063-11-13,10.128.3,33.0
10.128.5,2063-12-14,10.128.4,31.0
10.128.6,2064-01-21,10.128.5,38.0
10.128.7,2064-02-16,10.128.6,26.0
10.129.0,2064-03-29,10.128.7,42.0
10.130.0,2064-04-24,10.129.0,26.0
10.130.1,2064-05-12,10.130.0,18.0
10.130.2,2064-06-01,10.130.1,20.0
10.130.3,2064-07-01,10.130.2,30.0
10.130.4,2064-07-20,10.130.3,19.0
10.130.5,2064-08-31,10.130.4,42.0
10.130.6,2064-09-29,10.130.5,29.0
10.131.0,2064-10-24,10.130.6,25.0
10.131.1,2064-11-19,10.131.0,26.0
10.131.2,2064-12-11,10.131.1,22.0
10.131.3,2064-12-19,10.131.2,8.0
10.131.4,2065-01-08,10.131.3,20.0
10.131.5,2065-02-17,10.131.4,40.0
10.131.6,2065-03-16,10.131.5,27.0
10.131.7,2065-04-20,10.131.6,35.0
10.131.8,2065-05-25,10.131.7,35.0
10.131.9,2065-06-18,10.131.8,24.0
10.131.10,2065-07-19,10.131.9,31.0
10.131.11,2065-07-28,10.131.10,9.0
10.131.12,2065-09-05,10.131.11,39.0
10.132.0,2065-10-13,10.131.12,38.0
10.133.0,2065-11-11,10.132.0,29.0
10.133.1,2065-12-08,10.133.0,27.0
10.133.2,2066-01-01,10.133.1,24.0
10.133.3,2066-02-06,10.133.2,36.0
10.133.4,2066-03-10,10.133.3,32.0
10.133.5,2066-03-12,10.133.4,2.0
10.133.6,2066-04-02,10.133.5,21.0
10.133.7,2066-04-15,10.133.6,13.0
10.133.8,2066-04-27,10.133.7,12.0
10.134.0,2066-06-02,10.133.8,36.0
10.134.1,2066-06-26,10.134.0,24.0
10.135.0,2066-07-25,10.134.1,29.0
10.135.1,2066-08-19,10.135.0,25.0
10.135.2,2066-08-31,10.135.1,12.0
10.135.3,2066-09-09,10.135.2,9.0
10.135.4,2066-09-29,10.135.3,20.0
10.136.0,2066-10-20,10.135.4,21.0
10.136.1,2066-11-10,10.136.0,21.0
10.136.2,2066-12-01,10.136.1,21.0
10.136.3,2067-01-15,10.136.2,45.0
10.136.4,2067-02-19,10.136.3,35.0
10.137.0,2067-03-18,10.136.4,27.0
10.137.1,2067-04-11,10.137.0,24.0
10.137.2,2067-05-05,10.137.1,24.0
10.137.3,2067-06-06,10.137.2,32.0
10.137.4,2067-06-30,10.137.3,24.0
10.137.5,2067-08-03,10.137.4,34.0
10.137.6,2067-08-31,10.137.5,28.0
10.138.0,2067-10-15,10.137.6,45.0
10.139.0,2067-11-07,10.138.0,23.0
10.139.1,2067-12-13,10.139.0,36.0
10.139.2,2067-12-27,10.139.1,14.0
10.139.3,2068-01-14,10.139.2,18.0
10.140.0,2068-02-27,10.139.3,44.0
10.140.1,2068-03-31,10.140.0,33.0
10.140.2,2068-04-29,10.140.1,29.0
10.140.3,2068-06-17,10.140.2,49.0
10.140.4,2068-07-11,10.140.3,24.0
10.140.5,2068-08-16,10.140.4,36.0
10.140.6,2068-09-21,10.140.5,36.0
10.141.0,2068-11-01,10.140.6,41.0
10.141.1,2068-11-14,10.141.0,13.0
10.141.2,2068-12-08,10.141.1,24.0
10.141.3,2069-01-05,10.141.2,28.0
10.141.4,2069-02-15,10.141.3,41.0
10.141.5,2069-03-16,10.141.4,29.0
10.141.6,2069-04-21,10.141.5,36.0
10.141.7,2069-05-03,10.141.6,12.0
10.141.8,2069-05-25,10.141.7,22.0
10.142.0,2069-07-02,10.141.8,38.0
10.142.1,2069-07-25,10.142.0,23.0
10.142.2,2069-08-19,10.142.1,25.0
10.142.3,2069-09-28,10.142.2,40.0
10.142.4,2069-10-14,10.142.3,16.0
10.142.5,2069-11-01,10.142.4,18.0
10.143.0,2069-11-12,10.142.5,11.0
10.143.1,2069-12-23,10.143.0,41.0
10.143.2,2070-01-27,10.143.1,35.0
10.143.3,2070-03-02,10.143.2,34.0
10.143.4,2070-03-23,10.143.3,21.0
10.143.5,2070-04-03,10.143.4,11.0
10.143.6,2070-04-11,10.143.5,8.0
10.143.7,2070-05-19,10.143.6,38.0
10.143.8,2070-06-18,10.143.7,30.0
10.143.9,2070-07-20,10.143.8,32.0
10.143.10,2070-08-16,10.143.9,27.0
10.143.11,2070-09-02,10.143.10,17.0
10.143.12,2070-09-24,10.143.11,22.0
10.143.13,2070-10-09,10.143.12,15.0
10.143.14,2070-10-22,10.143.13,13.0
10.143.15,2070-11-25,10.143.14,34.0
10.143.16,2070-12-04,10.143.15,9.0
10.144.0,2070-12-19,10.143.16,15.0
10.144.1,2071-01-10,10.144.0,22.0
10.144.2,2071-02-05,10.144.1,26.0
10.145.0,2071-02-16,10.144.2,11.0
10.145.1,2071-02-25,10.145.0,9.0
10.145.2,2071-03-26,10.145.1,29.0
10.146.0,2071-04-22,10.145.2,27.0
10.146.1,2071-05-30,10.146.0,38.0
10.146.2,2071-06-25,10.146.1,26.0
10.146.3,2071-07-25,10.146.2,30.0
10.146.4,2071-08-11,10.146.3,17.0
10.146.5,2071-08-29,10.146.4,18.0
10.146.6,2071-09-10,10.146.5,12.0
10.146.7,2071-09-28,10.146.6,18.0
10.146.8,2071-10-20,10.146.7,22.0
10.147.0,2071-11-26,10.146.8,37.0
10.147.1,2071-12-12,10.147.0,16.0
10.148.0,2072-01-27,10.147.1,46.0
10.148.1,2072-02-27,10.148.0,31.0
10.149.0,2072-03-27,10.148.1,29.0
10.149.1,2072-04-21,10.149.0,25.0
10.149.2,2072-05-14,10.149.1,23.0
10.149.3,2072-06-02,10.149.2,19.0
10.149.4,2072-06-13,10.149.3,11.0
10.149.5,2072-06-29,10.149.4,16.0
10.149.6,2072-08-09,10.149.5,41.0
10.149.7,2072-09-08,10.149.6,30.0
10.150.0,2072-10-19,10.149.7,41.0
10.150.1,2072-11-07,10.150.0,19.0
10.150.2,2072-11-21,10.150.1,14.0
10.151.0,2072-12-16,10.150.2,25.0
10.151.1,2073-01-02,10.151.0,17.0
10.151.2,2073-01-29,10.151.1,27.0
10.151.3,2073-02-07,10.151.2,9.0
10.151.4,2073-02-12,10.151.3,5.0
10.151.5,2073-03-12,10.151.4,28.0
10.151.6,2073-04-22,10.151.5,41.0
10.152.0,2073-05-21,10.151.6,29.0
10.153.0,2073-06-20,10.152.0,30.0
10.153.1,2073-07-15,10.153.0,25.0
10.154.0,2073-08-10,10.153.1,26.0
10.154.1,2073-08-20,10.154.0,10.0
10.154.2,2073-09-06,10.154.1,17.0
10.154.3,2073-10-13,10.154.2,37.0
10.154.4,2073-10-27,10.154.3,14.0
10.154.5,2073-11-17,10.154.4,21.0
10.154.6,2073-12-24,10.154.5,37.0
10.154.7,2074-01-19,10.154.6,26.0
10.155.0,2074-02-14,10.154.7,26.0
10.155.1,2074-03-07,10.155.0,21.0
10.156.0,2074-04-08,10.155.1,32.0
10.156.1,2074-05-12,10.156.0,34.0
10.157.0,2074-05-29,10.156.1,17.0
10.157.1,2074-06-09,10.157.0,11.0
10.157.2,2074-06-15,10.157.1,6.0
10.157.3,2074-07-15,10.157.2,30.0
10.157.4,2074-08-12,10.157.3,28.0
10.157.5,2074-09-30,10.157.4,49.0
10.157.6,2074-10-25,10.157.5,25.0
10.157.7,2074-11-18,10.157.6,24.0
10.157.8,2074-12-15,10.157.7,27.0
10.157.9,2075-01-12,10.157.8,28.0
10.158.0,2075-02-04,10.157.9,23.0
10.158.1,2075-02-21,10.158.0,17.0
10.158.2,2075-03-18,10.158.1,25.0
10.158.3,2075-04-11,10.158.2,24.0
10.158.4,2075-05-05,10.158.3,24.0
10.158.5,2075-06-07,10.158.4,33.0
10.158.6,2075-07-02,10.158.5,25.0
10.159.0,2075-07-13,10.158.6,11.0
10.160.0,2075-07-31,10.159.0,18.0
10.161.0,2075-08-23,10.160.0,23.0
10.161.1,2075-09-17,10.161.0,25.0
10.161.2,2075-10-17,10.161.1,30.0
10.161.3,2075-11-11,10.161.2,25.0
10.162.0,2075-11-16,10.161.3,5.0
10.162.1,2075-11-28,10.162.0,12.0
10.162.2,2075-12-28,10.162.1,30.0
10.163.0,2076-01-19,10.162.2,22.0
10.163.1,2076-02-27,10.163.0,39.0
10.163.2,2076-03-24,10.163.1,26.0
10.163.3,2076-04-14,10.163.2,21.0
10.163.4,2076-05-02,10.163.3,18.0
10.164.0,2076-05-23,10.163.4,21.0
10.164.1,2076-06-18,10.164.0,26.0
10.164.2,2076-07-13,10.164.1,25.0
10.164.3,2076-08-16,10.164.2,34.0
10.164.4,2076-08-26,10.164.3,10.0
10.164.5,2076-09-06,10.164.4,11.0
10.164.6,2076-09-28,10.164.5,22.0
10.164.7,2076-10-28,10.164.6,30.0
10.165.0,2076-11-29,10.164.7,32.0
10.166.0,2076-12-18,10.165.0,19.0
10.166.1,2076-12-20,10.166.0,2.0
10.166.2,2077-01-08,10.166.1,19.0
10.166.3,2077-02-05,10.166.2,28.0
10.167.0,2077-03-01,10.166.3,24.0
10.167.1,2077-03-31,10.167.0,30.0
10.168.0,2077-05-06,10.167.1,36.0
10.168.1,2077-05-29,10.168.0,23.0
10.168.2,2077-06-18,10.168.1,20.0
10.168.3,2077-07-04,10.168.2,16.0
10.168.4,2077-07-15,10.168.3,11.0
10.168.5,2077-07-23,10.168.4,8.0
10.168.6,2077-08-10,10.168.5,18.0
10.168.7,2077-09-14,10.168.6,35.0
10.169.0,2077-10-15,10.168.7,31.0
10.169.1,2077-11-04,10.169.0,20.0
10.169.2,2077-12-20,10.169.1,46.0
10.169.3,2078-01-07,10.169.2,18.0
10.170.0,2078-02-14,10.169.3,38.0
10.170.1,2078-03-26,10.170.0,40.0
10.170.2,2078-04-24,10.170.1,29.0
10.170.3,2078-05-12,10.170.2,18.0
10.171.0,2078-06-02,10.170.3,21.0
10.172.0,2078-06-28,10.171.0,26.0
10.172.1,2078-07-09,10.172.0,11.0
10.172.2,2078-07-24,10.172.1,15.0
10.173.0,2078-08-07,10.172.2,14.0
10.174.0,2078-09-06,10.173.0,30.0
10.174.1,2078-10-12,10.174.0,36.0
10.175.0,2078-11-13,10.174.1,32.0
10.175.1,2078-12-17,10.175.0,34.0
10.175.2,2079-01-03,10.175.1,17.0
10.175.3,2079-01-24,10.175.2,21.0
10.175.4,2079-02-15,10.175.3,22.0
10.176.0,2079-03-16,10.175.4,29.0
10.176.1,2079-05-01,10.176.0,46.0
10.176.2,2079-05-19,10.176.1,18.0
10.176.3,2079-06-22,10.176.2,34.0
10.176.4,2079-08-01,10.176.3,40.0
10.176.5,2079-08-31,10.176.4,30.0
10.176.6,2079-09-21,10.176.5,21.0
10.176.7,2079-10-07,10.176.6,16.0
10.176.8,2079-10-21,10.176.7,14.0
10.176.9,2079-10-26,10.176.8,5.0
10.176.10,2079-11-17,10.176.9,22.0
10.176.11,2079-12-09,10.176.10,22.0
10.176.12,2080-01-11,10.176.11,33.0
10.176.13,2080-01-30,10.176.12,19.0
10.176.14,2080-02-22,10.176.13,23.0
10.176.15,2080-03-20,10.176.14,27.0
10.176.16,2080-04-18,10.176.15,29.0
10.176.17,2080-05-20,10.176.16,32.0
10.176.18,2080-06-15,10.176.17,26.0
10.176.19,2080-06-27,10.176.18,12.0
10.176.20,2080-07-25,10.176.19,28.0
10.176.21,2080-08-12,10.176.20,18.0
10.176.22,2080-09-18,10.176.21,37.0
10.176.23,2080-10-13,10.176.22,25.0
10.176.24,2080-11-09,10.176.23,27.0
10.176.25,2080-12-30,10.176.24,51.0
10.176.26,2081-01-31,10.176.25,32.0
10.176.27,2081-02-28,10.176.26,28.0
10.177.0,2081-03-23,10.176.27,23.0
10.177.1,2081-04-04,10.177.0,12.0
10.177.2,2081-04-26,10.177.1,22.0
10.177.3,2081-05-12,10.177.2,16.0
10.177.4,2081-06-22,10.177.3,41.0
10.178.0,2081-07-20,10.177.4,28.0
10.178.1,2081-08-25,10.178.0,36.0
10.179.0,2081-09-12,10.178.1,18.0
10.179.1,2081-09-29,10.179.0,17.0
10.179.2,2081-10-30,10.179.1,31.0
10.179.3,2081-11-15,10.179.2,16.0
10.179.4,2081-12-05,10.179.3,20.0
10.179.5,2082-01-16,10.179.4,42.0
10.179.6,2082-02-06,10.179.5,21.0
10.179.7,2082-02-16,10.179.6,10.0
10.180.0,2082-02-23,10.179.7,7.0
10.180.1,2082-03-04,10.180.0,9.0
10.181.0,2082-04-10,10.180.1,37.0
10.181.1,2082-04-29,10.181.0,19.0
10.182.0,2082-06-18,10.181.1,50.0
10.182.1,2082-07-28,10.182.0,40.0
10.182.2,2082-09-11,10.182.1,45.0
10.182.3,2082-10-16,10.182.2,35.0
10.182.4,2082-11-15,10.182.3,30.0
10.183.0,2082-12-01,10.182.4,16.0
10.183.1,2082-12-25,10.183.0,24.0
10.183.2,2083-01-25,10.183.1,31.0
10.183.3,2083-02-28,10.183.2,34.0
10.183.4,2083-03-13,10.183.3,13.0
10.183.5,2083-04-05,10.183.4,23.0
10.183.6,2083-04-29,10.183.5,24.0
10.183.7,2083-05-22,10.183.6,23.0
10.183.8,2083-06-05,10.183.7,14.0
10.183.9,2083-07-18,10.183.8,43.0
10.183.10,2083-08-09,10.183.9,22.0
10.183.11,2083-08-24,10.183.10,15.0
10.184.0,2083-10-06,10.183.11,43.0
10.184.1,2083-11-15,10.184.0,40.0
10.184.2,2083-12-11,10.184.1,26.0
10.184.3,2083-12-18,10.184.2,7.0
10.184.4,2084-01-07,10.184.3,20.0
10.184.5,2084-01-16,10.184.4,9.0
10.184.6,2084-02-15,10.184.5,30.0
10.184.7,2084-03-05,10.184.6,19.0
10.184.8,2084-03-29,10.184.7,24.0
10.184.9,2084-05-10,10.184.8,42.0
10.184.10,2084-05-28,10.184.9,18.0
10.185.0,2084-06-26,10.184.10,29.0
10.185.1,2084-07-28,10.185.0,32.0
10.186.0,2084-09-03,10.185.1,37.0
10.186.1,2084-09-26,10.186.0,23.0
10.186.2,2084-10-18,10.186.1,22.0
10.186.3,2084-11-09,10.186.2,22.0
10.186.4,2084-12-07,10.186.3,28.0
10.187.0,2085-01-15,10.186.4,39.0
10.187.1,2085-02-06,10.187.0,22.0
10.187.2,2085-02-08,10.187.1,2.0
10.187.3,2085-03-13,10.187.2,33.0
10.187.4,2085-04-07,10.187.3,25.0
10.188.0,2085-05-07,10.187.4,30.0
10.188.1,2085-05-16,10.188.0,9.0
10.188.2,2085-06-04,10.188.1,19.0
10.189.0,2085-07-06,10.188.2,32.0
10.189.1,2085-07-18,10.189.0,12.0
10.189.2,2085-08-16,10.189.1,29.0
10.189.3,2085-09-09,10.189.2,24.0
10.189.4,2085-09-26,10.189.3,17.0
10.189.5,2085-10-12,10.189.4,16.0
10.189.6,2085-10-26,10.189.5,14.0
10.189.7,2085-11-20,10.189.6,25.0
10.189.8,2085-12-16,10.189.7,26.0
10.190.0,2086-01-06,10.189.8,21.0
10.191.0,2086-01-20,10.190.0,14.0
10.191.1,2086-01-22,10.191.0,2.0
10.191.2,2086-02-20,10.191.1,29.0
10.191.3,2086-03-26,10.191.2,34.0
10.192.0,2086-04-26,10.191.3,31.0
10.192.1,2086-06-10,10.192.0,45.0
10.193.0,2086-07-03,10.192.1,23.0
10.193.1,2086-08-10,10.193.0,38.0
10.194.0,2086-08-28,10.193.1,18.0
10.194.1,2086-09-14,10.194.0,17.0
10.194.2,2086-10-10,10.194.1,26.0
10.194.3,2086-11-20,10.194.2,41.0
10.194.4,2086-12-12,10.194.3,22.0
10.194.5,2086-12-21,10.194.4,9.0
10.194.6,2087-01-23,10.194.5,33.0
10.194.7,2087-02-16,10.194.6,24.0
10.194.8,2087-03-15,10.194.7,27.0
10.194.9,2087-04-01,10.194.8,17.0
10.194.10,2087-04-27,10.194.9,26.0
10.194.11,2087-05-07,10.194.10,10.0
10.194.12,2087-06-19,10.194.11,43.0
10.194.13,2087-07-24,10.194.12,35.0
10.195.0,2087-08-18,10.194.13,25.0
10.195.1,2087-09-20,10.195.0,33.0
10.195.2,2087-10-08,10.195.1,18.0
10.195.3,2087-11-12,10.195.2,35.0
10.196.0,2087-12-03,10.195.3,21.0
10.196.1,2087-12-23,10.196.0,20.0
10.196.2,2088-01-07,10.196.1,15.0
10.196.3,2088-02-05,10.196.2,29.0
10.196.4,2088-03-01,10.196.3,25.0
10.196.5,2088-04-09,10.196.4,39.0
10.196.6,2088-04-23,10.196.5,14.0
10.196.7,2088-05-22,10.196.6,29.0
10.196.8,2088-06-27,10.196.7,36.0
10.196.9,2088-08-16,10.196.8,50.0
10.197.0,2088-09-11,10.196.9,26.0
10.197.1,2088-10-02,10.197.0,21.0
10.197.2,2088-10-28,10.197.1,26.0
10.197.3,2088-12-05,10.197.2,38.0
10.197.4,2089-01-12,10.197.3,38.0
10.197.5,2089-02-04,10.197.4,23.0
10.197.6,2089-03-13,10.197.5,37.0
10.198.0,2089-04-06,10.197.6,24.0
10.199.0,2089-05-09,10.198.0,33.0
10.199.1,2089-06-08,10.199.0,30.0
10.199.2,2089-06-29,10.199.1,21.0
10.199.3,2089-07-14,10.199.2,15.0
10.199.4,2089-08-20,10.199.3,37.0
10.199.5,2089-09-29,10.199.4,40.0
10.199.6,2089-10-28,10.199.5,29.0
10.200.0,2089-11-21,10.199.6,24.0
10.200.1,2089-12-04,10.200.0,13.0
10.201.0,2090-01-09,10.200.1,36.0
10.201.1,2090-02-05,10.201.0,27.0
10.201.2,2090-02-27,10.201.1,22.0
10.201.3,2090-04-01,10.201.2,33.0
10.201.4,2090-04-12,10.201.3,11.0
10.202.0,2090-04-26,10.201.4,14.0
10.202.1,2090-05-14,10.202.0,18.0
10.202.2,2090-06-13,10.202.1,30.0
10.202.3,2090-07-09,10.202.2,26.0
10.202.4,2090-08-09,10.202.3,31.0
10.202.5,2090-09-14,10.202.4,36.0
10.203.0,2090-10-15,10.202.5,31.0
10.203.1,2090-11-27,10.203.0,43.0
10.203.2,2091-01-02,10.203.1,36.0
10.203.3,2091-01-25,10.203.2,23.0
10.203.4,2091-02-13,10.203.3,19.0
10.203.5,2091-03-09,10.203.4,24.0
10.203.6,2091-04-10,10.203.5,32.0
10.203.7,2091-04-30,10.203.6,20.0
10.204.0,2091-06-01,10.203.7,32.0
10.204.1,2091-07-02,10.204.0,31.0
10.204.2,2091-07-17,10.204.1,15.0
10.204.3,2091-08-21,10.204.2,35.0
10.205.0,2091-09-18,10.204.3,28.0
10.205.1,2091-10-31,10.205.0,43.0
10.205.2,2091-11-24,10.205.1,24.0
10.205.3,2091-12-15,10.205.2,21.0
10.205.4,2091-12-29,10.205.3,14.0
10.206.0,2092-01-12,10.205.4,14.0
10.206.1,2092-02-15,10.206.0,34.0
10.207.0,2092-03-28,10.206.1,42.0
10.207.1,2092-04-20,10.207.0,23.0
10.208.0,2092-05-13,10.207.1,23.0
10.209.0,2092-06-07,10.208.0,25.0
10.209.1,2092-07-13,10.209.0,36.0
10.210.0,2092-07-28,10.209.1,15.0
10.210.1,2092-08-24,10.210.0,27.0
